고객ID,나이,월소득,근속연수,복지비사용액,만족도점수,건강지수,부양가족수,성별,결혼상태,고용형태,학력,복지등급,지역,장애여부,웰니스참여,보육지원,정신건강지원,기록일자
CUST100000,47,5179226.0,2.6,10886.0,71.8,77.1,0,여성,,정규직,학사,기본,부산,없음,아니오,아니오,아니오,2025-09-18
CUST100001,40,4609560.0,5.3,,82.2,50.9,1,남성,기혼,정규직,학사,가족형,대구,없음,아니오,아니오,아니오,2025-09-18
CUST100002,49,3571556.0,2.0,59385.0,69.0,69.7,0,여성,기혼,정규직,전문학사,표준,서울,없음,아니오,아니오,아니오,2025-09-18
CUST100003,60,2723675.0,4.5,274221.0,46.4,48.0,1,남성,미혼,정규직,전문학사,표준,울산,없음,아니오,아니오,아니오,2025-09-18
CUST100004,39,4337867.0,3.5,118809.0,77.0,69.7,1,여성,사별,계약직,학사,표준,기타,없음,예,아니오,아니오,2025-09-18
CUST100005,39,3972182.0,7.1,18044.0,87.1,66.0,1,남성,미혼,은퇴,학사,프리미엄,부산,없음,아니오,아니오,아니오,2025-09-18
CUST100006,60,4574231.0,6.0,77434.0,,50.2,0,남성,기혼,정규직,석사,기본,울산,없음,아니오,아니오,아니오,2025-09-18
CUST100007,51,4262206.0,1.9,201552.0,66.3,93.0,0,남성,기혼,은퇴,석사,프리미엄,서울,없음,아니오,아니오,예,2025-09-18
CUST100008,36,4759463.0,9.3,51054.0,74.2,34.3,2,남성,미혼,계약직,박사,표준,인천,없음,아니오,예,아니오,2025-09-18
CUST100009,48,2857717.0,10.7,169937.0,72.8,62.5,0,남성,기혼,정규직,학사,기본,부산,없음,아니오,아니오,아니오,2025-09-18
CUST100010,36,5080872.0,2.0,18703.0,94.3,49.8,1,여성,미혼,비정규직,석사,표준,대구,없음,아니오,아니오,아니오,2025-09-18
CUST100011,36,3737119.0,2.2,1617.0,59.8,98.0,2,,미혼,정규직,석사,프리미엄,서울,없음,아니오,아니오,아니오,2025-09-18
CUST100012,44,5990313.0,2.2,187301.0,65.0,75.8,0,남성,미혼,정규직,석사,실버,기타,없음,아니오,아니오,아니오,2025-09-18
CUST100013,19,2672974.0,1.3,56869.0,59.5,53.3,2,여성,미혼,정규직,고졸,프리미엄,광주,없음,아니오,아니오,아니오,2025-09-18
CUST100014,21,5583156.0,10.1,60686.0,50.3,60.0,1,남성,미혼,비정규직,박사,가족형,대구,없음,예,아니오,아니오,2025-09-18
CUST100015,35,3737492.0,5.0,96239.0,75.7,98.5,0,여성,사별,정규직,학사,기본,기타,없음,예,아니오,예,2025-09-18
CUST100016,29,2718298.0,4.7,115824.0,96.0,48.0,1,기타,사별,계약직,석사,기본,대구,없음,아니오,아니오,아니오,2025-09-18
CUST100017,45,2919336.0,4.0,3808.0,69.0,33.2,2,남성,,계약직,고졸,표준,부산,없음,예,아니오,아니오,2025-09-18
CUST100018,31,3115583.0,9.2,47656.0,58.8,70.2,0,남성,기혼,정규직,학사,표준,울산,없음,예,아니오,아니오,2025-09-18
CUST100019,25,4008999.0,0.2,87199.0,74.8,70.6,1,남성,미혼,정규직,전문학사,프리미엄,대전,없음,아니오,아니오,예,2025-09-18
CUST100020,59,4127402.0,6.3,115635.0,80.8,77.0,1,여성,미혼,정규직,전문학사,프리미엄,대구,없음,예,아니오,아니오,2025-09-18
CUST100021,39,2811559.0,7.4,35357.0,69.7,77.1,1,여성,미혼,정규직,고졸,실버,서울,없음,예,아니오,아니오,2025-09-18
CUST100022,42,3470774.0,12.8,,93.1,96.9,0,여성,이혼,정규직,석사,표준,광주,없음,아니오,아니오,아니오,2025-09-18
CUST100023,24,6070724.0,0.5,50917.0,59.8,34.1,0,여성,이혼,정규직,고졸,표준,인천,없음,아니오,아니오,아니오,2025-09-18
CUST100024,35,5573051.0,9.1,98660.0,67.7,43.3,0,남성,미혼,정규직,전문학사,표준,광주,없음,아니오,아니오,예,2025-09-18
CUST100025,43,4023588.0,6.9,182776.0,76.4,76.9,1,여성,미혼,정규직,고졸,기본,서울,없음,아니오,아니오,아니오,2025-09-18
CUST100026,28,3545604.0,,63458.0,77.9,45.1,0,여성,미혼,정규직,학사,표준,부산,없음,아니오,아니오,아니오,2025-09-18
CUST100027,46,,12.2,22448.0,72.7,38.8,0,여성,기혼,정규직,전문학사,표준,서울,없음,아니오,아니오,아니오,2025-09-18
CUST100028,34,4236221.0,7.0,45415.0,52.8,98.6,3,여성,,계약직,전문학사,표준,대전,없음,아니오,예,예,2025-09-18
CUST100029,38,2272648.0,3.5,252981.0,100.0,35.8,1,여성,미혼,은퇴,학사,표준,대전,없음,아니오,아니오,아니오,2025-09-18
CUST100030,34,3191148.0,10.0,,68.5,58.7,2,남성,기혼,정규직,학사,기본,대전,없음,아니오,아니오,아니오,2025-09-18
CUST100031,64,1497699.0,1.1,27329.0,73.7,63.9,0,남성,미혼,정규직,고졸,표준,대구,없음,아니오,아니오,아니오,2025-09-18
CUST100032,41,3979067.0,,60313.0,81.3,88.6,0,여성,기혼,정규직,고졸,표준,부산,없음,아니오,아니오,아니오,2025-09-18
CUST100033,29,4276635.0,8.5,,62.5,,2,,기혼,정규직,전문학사,기본,울산,없음,예,아니오,아니오,2025-09-18
CUST100034,51,2920176.0,11.3,53622.0,72.9,72.5,0,여성,미혼,정규직,박사,표준,대전,경증,아니오,아니오,아니오,2025-09-18
CUST100035,27,5388784.0,19.8,18819.0,61.8,49.0,2,남성,기혼,정규직,학사,표준,울산,없음,예,아니오,예,2025-09-18
CUST100036,44,2029081.0,8.0,105863.0,78.2,76.3,1,여성,기혼,무직,학사,표준,인천,없음,아니오,아니오,예,2025-09-18
CUST100037,18,,3.5,98736.0,67.9,48.7,3,여성,미혼,정규직,전문학사,기본,인천,없음,아니오,아니오,아니오,2025-09-18
CUST100038,26,3769342.0,5.9,136523.0,,93.3,2,남성,미혼,계약직,학사,표준,울산,없음,아니오,아니오,예,2025-09-18
CUST100039,44,4756517.0,2.8,97088.0,56.3,48.8,1,여성,이혼,정규직,고졸,프리미엄,기타,없음,예,아니오,아니오,2025-09-18
CUST100040,50,,2.5,239285.0,59.6,20.7,2,,,정규직,고졸,표준,서울,없음,아니오,예,예,2025-09-18
CUST100041,44,2949338.0,4.0,144052.0,51.5,50.8,1,여성,미혼,정규직,학사,프리미엄,대전,경증,예,아니오,아니오,2025-09-18
CUST100042,40,4794417.0,3.4,124372.0,61.3,60.3,1,남성,기혼,정규직,학사,표준,대구,없음,아니오,아니오,예,2025-09-18
CUST100043,38,3453789.0,6.8,187331.0,33.4,84.5,0,남성,기혼,정규직,고졸,표준,기타,없음,아니오,아니오,아니오,2025-09-18
CUST100044,24,3292847.0,1.9,92726.0,67.4,42.3,1,남성,기혼,정규직,학사,프리미엄,인천,없음,예,아니오,아니오,2025-09-18
CUST100045,33,4560391.0,11.6,71903.0,64.0,42.7,1,남성,기혼,정규직,박사,표준,광주,경증,아니오,아니오,아니오,2025-09-18
CUST100046,36,4282787.0,6.0,104988.0,74.3,82.3,2,여성,기혼,정규직,학사,프리미엄,부산,없음,예,아니오,아니오,2025-09-18
CUST100047,54,1608329.0,6.0,10183.0,72.7,40.2,0,여성,미혼,비정규직,학사,표준,광주,경증,아니오,아니오,아니오,2025-09-18
CUST100048,46,5271848.0,4.4,92950.0,90.9,61.8,2,여성,기혼,무직,박사,표준,울산,없음,예,아니오,아니오,2025-09-18
CUST100049,20,5156109.0,6.8,77384.0,100.0,62.1,1,여성,기혼,정규직,석사,프리미엄,기타,없음,예,아니오,아니오,2025-09-18
CUST100050,45,2749324.0,10.1,113460.0,89.1,68.9,1,여성,미혼,정규직,학사,기본,인천,없음,예,아니오,아니오,2025-09-18
CUST100051,37,3974964.0,1.7,170284.0,65.2,51.5,0,남성,미혼,정규직,학사,표준,인천,없음,예,아니오,아니오,2025-09-18
CUST100052,33,4092836.0,2.7,126961.0,64.6,48.3,0,여성,미혼,무직,고졸,기본,서울,없음,아니오,아니오,아니오,2025-09-18
CUST100053,49,3812808.0,,,85.0,71.0,0,남성,기혼,정규직,학사,표준,서울,없음,아니오,아니오,아니오,2025-09-18
CUST100054,54,2839633.0,0.7,151657.0,46.7,48.9,0,여성,기혼,정규직,전문학사,기본,대전,없음,아니오,아니오,아니오,2025-09-18
CUST100055,53,2694051.0,1.9,241591.0,67.3,40.5,1,남성,기혼,정규직,고졸,표준,울산,없음,예,아니오,아니오,2025-09-18
CUST100056,31,3469335.0,3.6,173305.0,68.4,,0,남성,사별,정규직,학사,프리미엄,부산,없음,아니오,아니오,예,2025-09-18
CUST100057,38,4907274.0,10.4,24630.0,80.8,73.8,0,여성,미혼,정규직,고졸,프리미엄,대전,없음,아니오,아니오,아니오,2025-09-18
CUST100058,45,4152320.0,7.3,126010.0,81.2,96.8,2,여성,기혼,은퇴,학사,표준,기타,없음,아니오,아니오,예,2025-09-18
CUST100059,53,3055262.0,7.0,,60.8,79.1,1,여성,기혼,무직,학사,실버,서울,없음,아니오,아니오,아니오,2025-09-18
CUST100060,36,?,10.3,66360.0,65.8,,1,여성,미혼,정규직,학사,표준,대구,없음,아니오,아니오,아니오,2025-09-18
CUST100061,39,1000000.0,5.3,111048.0,78.7,66.7,3,남성,이혼,정규직,고졸,표준,부산,없음,예,아니오,아니오,2025-09-18
CUST100062,28,4878518.0,,100643.0,60.0,46.7,2,여성,미혼,정규직,고졸,프리미엄,대구,없음,아니오,아니오,예,2025-09-18
CUST100063,27,1412343.0,5.5,171011.0,90.1,35.3,1,남성,기혼,정규직,학사,프리미엄,기타,없음,아니오,아니오,예,2025-09-18
CUST100064,51,3065070.0,7.3,242370.0,81.1,57.0,0,여성,,무직,박사,프리미엄,대전,없음,아니오,아니오,예,2025-09-18
CUST100065,58,2156396.0,3.1,119232.0,74.6,82.7,0,여성,기혼,정규직,고졸,기본,서울,경증,예,아니오,아니오,2025-09-18
CUST100066,41,1946382.0,6.2,62293.0,77.9,69.9,1,남성,기혼,정규직,전문학사,표준,부산,없음,예,예,아니오,2025-09-18
CUST100067,54,4892992.0,5.3,10861.0,65.0,40.0,1,여성,미혼,정규직,석사,가족형,기타,중증,아니오,아니오,아니오,2025-09-18
CUST100068,46,2938758.0,,200681.0,62.6,56.3,1,여성,기혼,계약직,고졸,표준,대전,없음,예,아니오,아니오,2025-09-18
CUST100069,34,,,77705.0,65.6,62.4,1,남성,미혼,비정규직,석사,프리미엄,인천,없음,예,아니오,아니오,2025-09-18
CUST100070,46,3443695.0,10.8,,79.5,34.6,0,여성,기혼,정규직,학사,표준,대전,없음,아니오,아니오,아니오,2025-09-18
CUST100071,60,32436273.0,12.2,,75.0,77.8,1,여성,기혼,정규직,학사,프리미엄,울산,없음,아니오,아니오,예,2025-09-18
CUST100072,41,3592186.0,6.4,115325.0,65.7,60.9,2,여성,기혼,정규직,전문학사,표준,광주,없음,아니오,예,예,2025-09-18
CUST100073,60,1960409.0,7.0,,83.2,40.0,2,남성,미혼,은퇴,전문학사,표준,인천,없음,예,아니오,아니오,2025-09-18
CUST100074,18,4695520.0,2.9,67224.0,69.4,39.0,2,남성,기혼,정규직,전문학사,기본,대구,없음,아니오,아니오,아니오,2025-09-18
CUST100075,51,2907492.0,4.4,77099.0,61.6,84.8,0,여성,이혼,정규직,석사,프리미엄,인천,없음,예,예,아니오,2025-09-18
CUST100076,43,1632101.0,9.1,50164.0,75.8,58.1,2,남성,기혼,정규직,학사,프리미엄,대전,없음,아니오,아니오,아니오,2025-09-18
CUST100077,38,2986261.0,12.0,45494.0,56.8,86.4,0,여성,미혼,계약직,학사,기본,기타,없음,아니오,아니오,아니오,2025-09-18
CUST100078,43,5300911.0,5.3,45298.0,46.7,93.3,1,남성,미혼,정규직,석사,프리미엄,인천,없음,아니오,아니오,아니오,2025-09-18
CUST100079,18,4520266.0,3.7,76392.0,71.9,83.4,2,여성,미혼,정규직,전문학사,표준,광주,없음,아니오,아니오,예,2025-09-18
CUST100080,39,3081617.0,6.0,,62.1,55.4,3,여성,기혼,정규직,학사,기본,울산,없음,아니오,아니오,아니오,2025-09-18
CUST100081,46,3080890.0,9.0,1293.0,68.2,20.0,2,남성,기혼,비정규직,학사,표준,대전,없음,예,아니오,아니오,2025-09-18
CUST100082,59,3114037.0,1.2,61405.0,57.5,70.6,0,남성,사별,비정규직,석사,기본,광주,없음,예,아니오,예,2025-09-18
CUST100083,35,5992097.0,5.5,26260.0,90.1,100.0,0,여성,미혼,무직,전문학사,표준,인천,없음,예,아니오,아니오,2025-09-18
CUST100084,32,3958322.0,3.2,90597.0,62.1,64.4,2,여성,미혼,정규직,학사,표준,광주,없음,예,아니오,아니오,2025-09-18
CUST100085,35,4016049.0,0.1,49994.0,65.5,29.2,2,남성,기혼,정규직,석사,프리미엄,인천,없음,아니오,아니오,아니오,2025-09-18
CUST100086,52,4736340.0,3.5,116362.0,77.7,52.9,1,여성,기혼,은퇴,학사,프리미엄,부산,없음,예,아니오,아니오,2025-09-18
CUST100087,45,3786546.0,5.3,28822.0,51.4,61.7,1,남성,,정규직,고졸,표준,인천,없음,아니오,아니오,아니오,2025-09-18
CUST100088,35,3189149.0,3.7,13690.0,50.2,45.2,1,남성,기혼,비정규직,학사,기본,서울,없음,아니오,아니오,아니오,2025-09-18
CUST100089,48,3264380.0,13.3,77251.0,77.7,18.8,0,여성,미혼,비정규직,전문학사,가족형,광주,없음,아니오,아니오,아니오,2025-09-18
CUST100090,43,3414078.0,7.6,,,63.2,1,남성,기혼,정규직,학사,프리미엄,기타,없음,아니오,아니오,아니오,2025-09-18
CUST100091,53,3455333.0,7.5,23949.0,58.5,50.9,1,여성,기혼,정규직,석사,기본,울산,경증,예,아니오,아니오,2025-09-18
CUST100092,33,4373155.0,9.1,144133.0,81.1,96.9,1,남성,기혼,계약직,학사,프리미엄,광주,없음,아니오,예,아니오,2025-09-18
CUST100093,38,3562335.0,0.3,33937.0,59.8,66.8,1,남성,미혼,계약직,학사,기본,대구,없음,아니오,아니오,예,2025-09-18
CUST100094,37,4379168.0,11.2,43589.0,67.9,,3,남성,미혼,정규직,학사,표준,울산,없음,예,아니오,아니오,2025-09-18
CUST100095,24,3403140.0,5.6,163474.0,58.6,62.9,1,여성,미혼,정규직,고졸,표준,울산,없음,아니오,아니오,아니오,2025-09-18
CUST100096,45,3594362.0,9.4,121245.0,76.6,66.7,1,여성,기혼,정규직,전문학사,표준,대구,없음,아니오,아니오,아니오,2025-09-18
CUST100097,45,1102159.0,0.6,30465.0,92.0,35.3,2,여성,미혼,정규직,석사,가족형,서울,없음,아니오,아니오,아니오,2025-09-18
CUST100098,42,4599593.0,1.8,63753.0,44.1,46.3,1,남성,미혼,정규직,학사,표준,광주,없음,아니오,아니오,아니오,2025-09-18
CUST100099,39,3915786.0,10.1,27494.0,,84.6,3,남성,미혼,정규직,고졸,기본,울산,없음,아니오,예,아니오,2025-09-18
CUST100100,25,4697612.0,7.9,155357.0,84.8,68.8,0,여성,기혼,은퇴,전문학사,가족형,광주,없음,아니오,아니오,아니오,2025-09-18
CUST100101,36,1000000.0,1.5,155284.0,65.7,57.8,2,남성,미혼,계약직,학사,가족형,울산,없음,예,아니오,아니오,2025-09-18
CUST100102,37,6006049.0,,266012.0,55.0,73.8,2,여성,기혼,비정규직,학사,프리미엄,대구,없음,아니오,아니오,아니오,2025-09-18
CUST100103,32,3332492.0,11.6,334417.0,78.3,74.1,0,남성,미혼,정규직,석사,표준,대구,없음,아니오,아니오,아니오,2025-09-18
CUST100104,40,4829819.0,0.1,49485.0,87.0,100.0,0,여성,미혼,정규직,전문학사,기본,인천,없음,아니오,아니오,예,2025-09-18
CUST100105,46,2252112.0,14.2,138324.0,85.4,67.9,2,남성,기혼,은퇴,석사,프리미엄,대전,없음,아니오,아니오,아니오,2025-09-18
CUST100106,64,,1.5,11301.0,77.5,45.9,3,여성,미혼,정규직,학사,기본,광주,없음,아니오,예,아니오,2025-09-18
CUST100107,44,2235901.0,9.2,95867.0,73.5,62.9,1,남성,,정규직,학사,기본,광주,없음,아니오,아니오,아니오,2025-09-18
CUST100108,45,2751477.0,,113923.0,58.5,,2,남성,미혼,정규직,학사,표준,울산,없음,아니오,아니오,아니오,2025-09-18
CUST100109,41,5796837.0,9.0,35738.0,85.0,82.9,1,남성,기혼,무직,고졸,기본,인천,경증,아니오,아니오,아니오,2025-09-18
CUST100110,18,3271181.0,3.3,46827.0,84.1,35.9,1,남성,기혼,무직,박사,기본,기타,없음,예,아니오,아니오,2025-09-18
CUST100111,41,3760919.0,5.2,156013.0,54.9,,1,남성,미혼,정규직,고졸,표준,광주,경증,아니오,예,아니오,2025-09-18
CUST100112,42,4544081.0,,115985.0,77.5,48.8,0,여성,미혼,무직,전문학사,기본,울산,없음,아니오,아니오,아니오,2025-09-18
CUST100113,71,4094818.0,1.0,243927.0,81.8,54.8,1,여성,이혼,정규직,석사,기본,서울,없음,아니오,아니오,아니오,2025-09-18
CUST100114,39,3680502.0,9.7,,85.2,80.2,0,여성,기혼,정규직,학사,기본,대구,없음,예,아니오,아니오,2025-09-18
CUST100115,45,3937953.0,3.4,15617.0,,78.4,1,여성,미혼,무직,석사,기본,대구,없음,아니오,아니오,아니오,2025-09-18
CUST100116,41,6384098.0,4.9,53858.0,59.1,,0,여성,기혼,무직,학사,프리미엄,대전,없음,아니오,예,아니오,2025-09-18
CUST100117,27,?,1.0,,64.5,62.2,1,남성,기혼,정규직,전문학사,프리미엄,대구,없음,아니오,예,예,2025-09-18
CUST100118,55,3741318.0,6.8,142416.0,56.9,55.4,3,남성,기혼,정규직,석사,표준,부산,없음,예,아니오,예,2025-09-18
CUST100119,51,4760785.0,,103024.0,71.2,100.0,0,남성,기혼,계약직,고졸,표준,서울,없음,아니오,아니오,아니오,2025-09-18
CUST100120,51,4826631.0,18.1,34448.0,68.3,70.0,0,여성,미혼,계약직,석사,기본,서울,없음,예,아니오,아니오,2025-09-18
CUST100121,31,4924436.0,9.9,,100.0,49.9,3,남성,미혼,무직,전문학사,기본,인천,없음,아니오,아니오,아니오,2025-09-18
CUST100122,58,4266476.0,5.9,192821.0,85.4,88.8,0,남성,기혼,정규직,석사,표준,부산,없음,예,아니오,아니오,2025-09-18
CUST100123,25,2128394.0,4.7,59163.0,86.5,89.4,1,여성,기혼,은퇴,고졸,표준,광주,없음,예,아니오,예,2025-09-18
CUST100124,49,5460117.0,6.1,9041.0,79.1,97.3,0,남성,미혼,은퇴,학사,프리미엄,대전,없음,예,아니오,아니오,2025-09-18
CUST100125,68,2124385.0,8.7,31561.0,66.5,100.0,3,여성,기혼,정규직,석사,표준,서울,없음,예,아니오,아니오,2025-09-18
CUST100126,30,3863162.0,0.1,277624.0,67.9,77.7,2,여성,기혼,무직,학사,표준,부산,없음,예,아니오,아니오,2025-09-18
CUST100127,35,2594868.0,11.6,166746.0,69.2,58.7,2,남성,사별,정규직,학사,기본,부산,없음,아니오,아니오,아니오,2025-09-18
CUST100128,43,3423033.0,9.6,25741.0,74.8,61.4,4,남성,기혼,정규직,석사,프리미엄,울산,경증,아니오,아니오,아니오,2025-09-18
CUST100129,35,3894514.0,9.6,95834.0,77.8,59.7,0,,,정규직,학사,표준,서울,없음,아니오,아니오,아니오,2025-09-18
CUST100130,23,3885628.0,8.2,159720.0,72.0,57.7,1,여성,미혼,정규직,석사,프리미엄,기타,없음,아니오,아니오,예,2025-09-18
CUST100131,42,4006304.0,6.1,15365.0,67.6,87.3,2,남성,기혼,정규직,학사,표준,울산,없음,아니오,아니오,아니오,2025-09-18
CUST100132,29,5436453.0,9.4,172058.0,63.1,65.0,1,여성,,무직,고졸,프리미엄,인천,없음,아니오,아니오,아니오,2025-09-18
CUST100133,47,4044241.0,9.0,115189.0,51.1,,2,여성,미혼,정규직,고졸,가족형,부산,없음,예,예,아니오,2025-09-18
CUST100134,30,3207012.0,4.2,44402.0,,77.2,2,남성,미혼,정규직,전문학사,가족형,대구,없음,예,아니오,아니오,2025-09-18
CUST100135,60,,3.1,128653.0,100.0,45.2,0,남성,이혼,무직,고졸,표준,부산,없음,아니오,아니오,예,2025-09-18
CUST100136,32,4927364.0,6.5,104099.0,90.0,34.1,2,여성,미혼,정규직,학사,표준,광주,없음,아니오,아니오,아니오,2025-09-18
CUST100137,38,2026870.0,13.7,109387.0,53.1,42.7,0,남성,기혼,정규직,고졸,표준,서울,없음,예,아니오,아니오,2025-09-18
CUST100138,51,4216880.0,,93263.0,83.8,57.3,2,여성,미혼,정규직,고졸,가족형,기타,없음,예,아니오,예,2025-09-18
CUST100139,27,4341407.0,1.3,38418.0,87.4,67.4,0,남성,미혼,정규직,고졸,표준,광주,없음,예,아니오,아니오,2025-09-18
CUST100140,44,3142923.0,6.8,45296.0,65.9,53.3,2,여성,기혼,비정규직,석사,기본,인천,없음,아니오,아니오,아니오,2025-09-18
CUST100141,57,5150848.0,6.3,68889.0,,77.7,1,여성,미혼,계약직,학사,표준,대전,없음,예,아니오,아니오,2025-09-18
CUST100142,22,3319933.0,6.9,86338.0,65.2,55.5,2,여성,기혼,정규직,전문학사,기본,대구,없음,아니오,아니오,아니오,2025-09-18
CUST100143,44,3650691.0,7.2,134088.0,94.9,69.6,3,남성,기혼,계약직,석사,표준,서울,없음,아니오,아니오,예,2025-09-18
CUST100144,45,3292313.0,4.9,281937.0,77.5,67.1,1,남성,미혼,정규직,고졸,표준,부산,없음,아니오,예,아니오,2025-09-18
CUST100145,51,3518694.0,,99184.0,58.2,96.2,1,여성,미혼,정규직,박사,표준,대구,없음,예,아니오,아니오,2025-09-18
CUST100146,27,2184469.0,2.0,132417.0,82.0,47.4,1,남성,미혼,비정규직,학사,기본,부산,없음,예,아니오,아니오,2025-09-18
CUST100147,26,1771938.0,1.9,154158.0,87.9,100.0,1,,미혼,비정규직,고졸,가족형,인천,없음,아니오,예,아니오,2025-09-18
CUST100148,48,5413406.0,5.5,139088.0,75.0,54.3,3,여성,기혼,정규직,학사,프리미엄,대전,없음,아니오,아니오,아니오,2025-09-18
CUST100149,45,2483646.0,2.2,37077.0,79.2,40.9,1,남성,미혼,정규직,학사,프리미엄,기타,없음,아니오,아니오,예,2025-09-18
CUST100150,45,2310329.0,5.1,205019.0,71.0,61.1,0,남성,미혼,정규직,학사,표준,기타,없음,아니오,아니오,아니오,2025-09-18
CUST100151,46,1000000.0,14.3,183991.0,55.0,100.0,2,남성,기혼,정규직,석사,프리미엄,서울,없음,아니오,아니오,아니오,2025-09-18
CUST100152,33,2733245.0,6.1,92306.0,69.7,81.1,2,여성,미혼,정규직,고졸,표준,인천,없음,아니오,아니오,아니오,2025-09-18
CUST100153,44,1912292.0,7.2,39168.0,79.8,75.9,0,여성,미혼,비정규직,전문학사,기본,인천,없음,아니오,아니오,아니오,2025-09-18
CUST100154,45,5470418.0,0.3,85287.0,70.1,79.3,1,남성,미혼,정규직,고졸,기본,대전,없음,아니오,아니오,예,2025-09-18
CUST100155,33,4711780.0,2.9,17716.0,84.0,51.1,0,남성,기혼,계약직,전문학사,표준,인천,없음,예,아니오,예,2025-09-18
CUST100156,64,2674219.0,4.1,222924.0,66.1,70.9,1,남성,기혼,정규직,전문학사,기본,인천,없음,예,아니오,예,2025-09-18
CUST100157,47,6202922.0,4.4,49026.0,67.1,65.0,1,여성,기혼,정규직,석사,실버,부산,경증,예,아니오,아니오,2025-09-18
CUST100158,27,4678118.0,12.4,66089.0,84.5,97.6,1,남성,미혼,정규직,고졸,기본,울산,없음,예,아니오,아니오,2025-09-18
CUST100159,49,3110202.0,8.8,212531.0,75.3,63.0,3,여성,미혼,정규직,학사,표준,광주,없음,아니오,아니오,아니오,2025-09-18
CUST100160,30,1000000.0,0.4,195925.0,65.8,58.2,0,남성,기혼,무직,학사,표준,부산,없음,예,아니오,예,2025-09-18
CUST100161,51,6249131.0,7.2,107112.0,87.5,44.0,1,기타,기혼,정규직,석사,표준,기타,없음,아니오,아니오,예,2025-09-18
CUST100162,55,1832513.0,8.5,245140.0,61.7,67.5,3,남성,사별,정규직,박사,표준,대전,없음,아니오,아니오,아니오,2025-09-18
CUST100163,32,1525521.0,11.7,35988.0,61.1,70.3,0,여성,미혼,무직,학사,기본,대구,없음,예,아니오,아니오,2025-09-18
CUST100164,53,4727084.0,13.9,107153.0,29.6,43.4,1,남성,미혼,정규직,박사,프리미엄,대전,없음,아니오,아니오,아니오,2025-09-18
CUST100165,46,6427702.0,0.9,,,73.2,0,남성,기혼,정규직,석사,표준,대전,없음,예,예,아니오,2025-09-18
CUST100166,51,5161127.0,1.9,176501.0,91.6,69.2,1,,기혼,정규직,박사,표준,대전,없음,예,아니오,아니오,2025-09-18
CUST100167,64,4176690.0,0.3,172335.0,40.9,83.2,1,여성,기혼,비정규직,학사,프리미엄,대전,중증,아니오,아니오,예,2025-09-18
CUST100168,39,4213705.0,4.8,256550.0,57.7,86.8,4,남성,기혼,은퇴,고졸,가족형,인천,없음,아니오,아니오,예,2025-09-18
CUST100169,32,4524098.0,8.3,83313.0,78.6,66.7,1,여성,이혼,무직,학사,프리미엄,대전,없음,아니오,아니오,예,2025-09-18
CUST100170,31,4410714.0,10.9,303535.0,,46.3,0,여성,기혼,정규직,학사,표준,대구,없음,예,아니오,예,2025-09-18
CUST100171,32,3837429.0,5.6,33494.0,64.3,50.0,1,,기혼,은퇴,전문학사,표준,대전,없음,아니오,아니오,예,2025-09-18
CUST100172,41,3625041.0,4.4,79902.0,89.1,96.7,1,남성,이혼,정규직,전문학사,표준,부산,없음,예,아니오,아니오,2025-09-18
CUST100173,46,3424888.0,6.8,,100.0,68.0,1,여성,기혼,정규직,학사,프리미엄,인천,없음,예,아니오,아니오,2025-09-18
CUST100174,45,2595242.0,1.8,96646.0,76.4,,0,여성,미혼,계약직,석사,가족형,기타,없음,아니오,아니오,아니오,2025-09-18
CUST100175,51,?,16.4,37538.0,58.1,74.0,0,남성,미혼,정규직,고졸,기본,부산,없음,예,아니오,아니오,2025-09-18
CUST100176,42,1468451.0,2.0,176827.0,57.6,78.6,0,여성,기혼,정규직,학사,표준,기타,없음,아니오,아니오,아니오,2025-09-18
CUST100177,59,3381992.0,6.9,117922.0,74.2,81.9,0,,기혼,정규직,학사,프리미엄,인천,없음,아니오,아니오,아니오,2025-09-18
CUST100178,38,2313690.0,16.1,,76.2,43.0,1,남성,기혼,정규직,박사,표준,부산,없음,아니오,아니오,아니오,2025-09-18
CUST100179,74,2175692.0,6.0,149664.0,99.9,70.5,1,여성,미혼,계약직,석사,표준,기타,없음,예,예,아니오,2025-09-18
CUST100180,49,3715872.0,5.0,233848.0,86.6,42.7,2,여성,미혼,비정규직,학사,표준,서울,없음,아니오,아니오,아니오,2025-09-18
CUST100181,31,5170402.0,4.2,,73.3,59.9,1,남성,기혼,정규직,학사,표준,광주,없음,아니오,아니오,아니오,2025-09-18
CUST100182,29,4601979.0,5.1,22606.0,67.0,76.5,1,남성,미혼,정규직,전문학사,실버,광주,없음,아니오,아니오,예,2025-09-18
CUST100183,47,1615399.0,12.9,74083.0,100.0,46.5,2,여성,미혼,무직,학사,표준,인천,없음,예,아니오,아니오,2025-09-18
CUST100184,39,2312446.0,5.1,137725.0,,75.1,1,남성,미혼,계약직,학사,기본,서울,없음,아니오,아니오,예,2025-09-18
CUST100185,50,4628925.0,13.7,68629.0,62.0,38.0,2,여성,기혼,정규직,석사,기본,대구,없음,아니오,아니오,아니오,2025-09-18
CUST100186,47,2321015.0,1.1,33088.0,68.6,85.6,0,,미혼,은퇴,석사,기본,서울,없음,예,아니오,아니오,2025-09-18
CUST100187,41,3230440.0,4.7,190614.0,58.8,53.0,2,남성,기혼,비정규직,고졸,표준,울산,없음,예,아니오,예,2025-09-18
CUST100188,31,4160062.0,3.9,66291.0,35.9,46.5,0,여성,미혼,정규직,학사,표준,인천,없음,아니오,아니오,예,2025-09-18
CUST100189,23,2337986.0,8.9,233943.0,76.7,39.2,2,여성,기혼,정규직,전문학사,기본,서울,없음,아니오,아니오,예,2025-09-18
CUST100190,36,3626450.0,2.0,54102.0,98.7,54.6,1,남성,기혼,정규직,고졸,프리미엄,대구,없음,아니오,아니오,아니오,2025-09-18
CUST100191,52,1899169.0,8.3,63208.0,47.5,30.7,1,여성,미혼,계약직,전문학사,프리미엄,인천,없음,예,아니오,아니오,2025-09-18
CUST100192,44,2778358.0,16.1,50579.0,72.8,55.1,3,여성,미혼,정규직,고졸,표준,광주,없음,아니오,아니오,아니오,2025-09-18
CUST100193,27,3883738.0,0.8,73093.0,61.4,84.8,0,여성,미혼,정규직,석사,표준,대전,없음,아니오,아니오,예,2025-09-18
CUST100194,44,1588407.0,6.9,116545.0,79.8,61.6,1,여성,기혼,정규직,전문학사,실버,서울,없음,아니오,아니오,아니오,2025-09-18
CUST100195,46,4028569.0,2.7,34741.0,69.4,43.8,2,,미혼,무직,전문학사,표준,광주,없음,예,아니오,아니오,2025-09-18
CUST100196,31,3476434.0,8.1,28855.0,51.6,69.1,0,남성,미혼,정규직,석사,프리미엄,광주,없음,아니오,아니오,예,2025-09-18
CUST100197,43,4162987.0,6.1,14977.0,57.3,67.5,0,남성,기혼,무직,전문학사,표준,부산,없음,예,아니오,예,2025-09-18
CUST100198,42,3768696.0,2.8,12891.0,59.5,100.0,3,남성,미혼,은퇴,고졸,프리미엄,대구,경증,아니오,아니오,아니오,2025-09-18
CUST100199,28,5136968.0,8.4,,92.2,79.2,1,남성,미혼,정규직,전문학사,프리미엄,울산,없음,아니오,아니오,예,2025-09-18
CUST100200,46,3650269.0,15.0,53788.0,91.4,70.5,0,여성,기혼,정규직,고졸,프리미엄,대전,중증,아니오,아니오,아니오,2025-09-18
CUST100201,48,2984713.0,5.0,95342.0,67.3,81.3,1,여성,이혼,정규직,고졸,가족형,서울,없음,아니오,아니오,예,2025-09-18
CUST100202,54,3646757.0,9.6,111950.0,90.4,62.6,0,여성,,무직,고졸,가족형,광주,없음,아니오,아니오,아니오,2025-09-18
CUST100203,54,,0.5,92083.0,69.4,63.6,2,여성,미혼,정규직,학사,표준,광주,없음,예,아니오,아니오,2025-09-18
CUST100204,25,3558632.0,1.2,216458.0,67.1,94.9,1,여성,이혼,정규직,고졸,기본,울산,없음,아니오,아니오,아니오,2025-09-18
CUST100205,30,3548710.0,8.4,262886.0,72.9,35.6,4,여성,미혼,정규직,전문학사,표준,대구,없음,예,아니오,아니오,2025-09-18
CUST100206,48,2657609.0,13.4,66545.0,76.3,82.4,1,여성,이혼,정규직,석사,프리미엄,대전,없음,예,아니오,아니오,2025-09-18
CUST100207,48,2704518.0,7.8,35291.0,63.7,63.0,1,남성,미혼,은퇴,학사,프리미엄,기타,없음,아니오,아니오,예,2025-09-18
CUST100208,48,1816873.0,4.4,315769.0,72.3,59.8,1,여성,기혼,비정규직,석사,기본,대전,없음,아니오,아니오,아니오,2025-09-18
CUST100209,80,56232867.0,6.0,186227.0,83.8,55.0,2,여성,미혼,무직,학사,기본,울산,없음,아니오,예,아니오,2025-09-18
CUST100210,48,2007364.0,0.3,177043.0,73.9,67.8,1,남성,이혼,정규직,학사,프리미엄,광주,없음,아니오,아니오,아니오,2025-09-18
CUST100211,55,2668513.0,9.0,51974.0,72.6,64.2,0,,,정규직,학사,표준,광주,없음,아니오,아니오,아니오,2025-09-18
CUST100212,53,2637911.0,10.4,152243.0,79.4,57.5,2,여성,기혼,은퇴,고졸,표준,광주,없음,예,아니오,예,2025-09-18
CUST100213,49,4573909.0,3.7,92636.0,82.0,52.4,1,남성,미혼,정규직,고졸,프리미엄,광주,없음,예,아니오,아니오,2025-09-18
CUST100214,38,3146060.0,3.6,,71.1,30.7,0,여성,미혼,은퇴,학사,표준,기타,없음,아니오,아니오,아니오,2025-09-18
CUST100215,51,4997290.0,7.3,78544.0,64.9,52.0,2,남성,기혼,정규직,학사,기본,부산,없음,예,아니오,아니오,2025-09-18
CUST100216,32,2691811.0,3.8,120415.0,74.8,55.8,1,남성,기혼,정규직,석사,기본,부산,없음,아니오,아니오,아니오,2025-09-18
CUST100217,39,3834792.0,5.7,221149.0,48.1,67.7,1,여성,기혼,비정규직,석사,기본,울산,없음,아니오,아니오,예,2025-09-18
CUST100218,36,2497583.0,16.5,332757.0,68.8,100.0,0,여성,미혼,은퇴,학사,표준,대전,없음,아니오,아니오,아니오,2025-09-18
CUST100219,42,6074178.0,4.8,59860.0,34.9,53.9,0,여성,기혼,은퇴,학사,표준,인천,없음,아니오,아니오,아니오,2025-09-18
CUST100220,69,2074881.0,4.2,96599.0,46.9,46.6,1,여성,미혼,정규직,학사,표준,기타,없음,예,예,아니오,2025-09-18
CUST100221,19,,2.8,77114.0,44.6,52.1,3,남성,이혼,정규직,박사,기본,기타,없음,아니오,아니오,아니오,2025-09-18
CUST100222,50,4260532.0,9.7,114762.0,87.7,67.8,1,여성,이혼,정규직,석사,기본,서울,없음,예,아니오,아니오,2025-09-18
CUST100223,22,3996558.0,5.1,69782.0,72.2,75.6,1,여성,미혼,비정규직,석사,기본,대구,없음,아니오,아니오,예,2025-09-18
CUST100224,36,,2.8,46918.0,53.1,78.1,5,여성,기혼,계약직,전문학사,실버,인천,없음,예,아니오,아니오,2025-09-18
CUST100225,55,3344215.0,12.6,59929.0,79.4,79.9,3,남성,기혼,정규직,학사,표준,부산,없음,아니오,아니오,아니오,2025-09-18
CUST100226,42,3552573.0,13.1,52629.0,86.8,82.4,3,여성,미혼,은퇴,전문학사,가족형,부산,없음,아니오,아니오,아니오,2025-09-18
CUST100227,29,3323597.0,3.0,74199.0,79.6,60.0,2,여성,기혼,비정규직,전문학사,프리미엄,부산,없음,아니오,아니오,아니오,2025-09-18
CUST100228,33,4656654.0,3.3,24645.0,69.2,100.0,2,여성,,무직,석사,표준,인천,없음,아니오,아니오,아니오,2025-09-18
CUST100229,50,6152627.0,11.0,53486.0,75.5,58.6,1,,기혼,정규직,고졸,프리미엄,기타,경증,아니오,아니오,예,2025-09-18
CUST100230,33,2831009.0,2.6,113955.0,85.5,67.0,1,남성,미혼,정규직,박사,기본,부산,없음,아니오,아니오,예,2025-09-18
CUST100231,44,1856236.0,10.0,113348.0,65.0,88.3,0,여성,미혼,은퇴,고졸,프리미엄,인천,없음,아니오,아니오,아니오,2025-09-18
CUST100232,42,3394061.0,3.9,100723.0,72.4,75.2,3,여성,미혼,정규직,석사,표준,부산,없음,아니오,예,아니오,2025-09-18
CUST100233,34,6595651.0,10.5,208460.0,68.1,24.7,1,남성,기혼,무직,전문학사,프리미엄,광주,없음,아니오,아니오,아니오,2025-09-18
CUST100234,67,2535590.0,0.1,,47.8,65.1,1,여성,기혼,은퇴,전문학사,기본,기타,없음,아니오,아니오,아니오,2025-09-18
CUST100235,49,5466940.0,9.7,203937.0,85.7,80.5,1,여성,,비정규직,전문학사,프리미엄,광주,없음,아니오,아니오,아니오,2025-09-18
CUST100236,18,5513240.0,6.1,332917.0,100.0,40.8,0,남성,미혼,정규직,학사,기본,서울,없음,예,아니오,아니오,2025-09-18
CUST100237,44,2835694.0,1.2,154902.0,58.9,78.5,1,여성,미혼,정규직,전문학사,가족형,기타,없음,아니오,아니오,아니오,2025-09-18
CUST100238,34,4182779.0,4.0,24769.0,,72.0,0,남성,기혼,정규직,학사,표준,부산,없음,아니오,아니오,아니오,2025-09-18
CUST100239,52,5454075.0,9.4,103692.0,59.4,86.3,3,남성,기혼,정규직,고졸,프리미엄,울산,없음,아니오,아니오,아니오,2025-09-18
CUST100240,32,3045046.0,,92769.0,74.0,52.5,3,여성,미혼,정규직,고졸,표준,서울,없음,아니오,아니오,아니오,2025-09-18
CUST100241,40,3255703.0,8.9,233692.0,94.6,82.9,3,남성,미혼,정규직,고졸,표준,인천,경증,아니오,아니오,아니오,2025-09-18
CUST100242,48,2801982.0,15.9,76341.0,64.2,67.9,0,남성,기혼,정규직,학사,표준,서울,없음,아니오,예,아니오,2025-09-18
CUST100243,52,2282291.0,1.8,41424.0,71.8,96.8,0,남성,미혼,정규직,석사,가족형,부산,없음,아니오,아니오,예,2025-09-18
CUST100244,27,2720866.0,14.1,56148.0,45.0,100.0,0,남성,기혼,정규직,석사,기본,인천,없음,아니오,아니오,아니오,2025-09-18
CUST100245,37,2031271.0,6.5,25734.0,62.0,92.7,1,여성,기혼,정규직,전문학사,가족형,울산,없음,아니오,아니오,아니오,2025-09-18
CUST100246,36,3540900.0,,298509.0,43.4,73.6,0,여성,기혼,정규직,학사,표준,인천,없음,아니오,아니오,예,2025-09-18
CUST100247,34,2576032.0,0.7,84554.0,78.4,100.0,0,여성,기혼,비정규직,학사,프리미엄,광주,없음,아니오,아니오,아니오,2025-09-18
CUST100248,63,3780543.0,5.1,28276.0,84.5,75.9,0,여성,미혼,정규직,전문학사,표준,인천,없음,예,아니오,아니오,2025-09-18
CUST100249,46,1632925.0,10.6,247711.0,,,0,남성,기혼,정규직,학사,표준,인천,없음,아니오,아니오,아니오,2025-09-18
CUST100250,26,3897056.0,5.4,275595.0,,64.3,2,여성,기혼,비정규직,학사,가족형,서울,없음,아니오,아니오,아니오,2025-09-18
CUST100251,53,4500234.0,13.6,95168.0,67.1,78.7,1,여성,미혼,계약직,고졸,표준,울산,없음,아니오,아니오,예,2025-09-18
CUST100252,67,1107517.0,1.3,23402.0,83.1,79.9,0,여성,기혼,정규직,고졸,표준,대전,없음,아니오,아니오,아니오,2025-09-18
CUST100253,54,3948867.0,5.9,57301.0,73.9,44.7,3,여성,미혼,비정규직,고졸,기본,인천,없음,아니오,아니오,아니오,2025-09-18
CUST100254,23,4973202.0,0.3,70001.0,42.2,45.3,0,여성,기혼,은퇴,학사,기본,대구,없음,아니오,아니오,예,2025-09-18
CUST100255,36,2048430.0,7.8,86752.0,86.1,58.9,3,여성,기혼,계약직,고졸,표준,대전,없음,아니오,아니오,예,2025-09-18
CUST100256,57,5507086.0,10.4,31908.0,66.2,74.6,3,,기혼,정규직,고졸,프리미엄,광주,없음,아니오,아니오,아니오,2025-09-18
CUST100257,33,4002822.0,3.9,163728.0,52.9,76.9,3,여성,미혼,비정규직,전문학사,표준,울산,없음,아니오,아니오,예,2025-09-18
CUST100258,47,2653985.0,7.0,7918.0,65.4,67.5,2,남성,미혼,정규직,고졸,기본,울산,중증,아니오,아니오,아니오,2025-09-18
CUST100259,51,3433077.0,7.0,182179.0,43.5,50.0,2,남성,사별,정규직,고졸,표준,기타,없음,아니오,아니오,아니오,2025-09-18
CUST100260,30,4169992.0,8.2,208677.0,53.3,96.3,2,남성,기혼,은퇴,석사,표준,광주,없음,아니오,아니오,아니오,2025-09-18
CUST100261,41,3591206.0,8.0,62119.0,74.1,45.7,3,남성,미혼,정규직,고졸,표준,인천,없음,아니오,예,아니오,2025-09-18
CUST100262,18,4146507.0,12.2,79259.0,75.4,88.4,1,남성,미혼,무직,학사,가족형,서울,없음,아니오,아니오,아니오,2025-09-18
CUST100263,29,2395191.0,,,76.6,78.3,1,남성,미혼,정규직,학사,프리미엄,대전,없음,예,아니오,예,2025-09-18
CUST100264,38,3703232.0,9.4,134045.0,72.0,88.0,2,여성,기혼,은퇴,학사,기본,기타,없음,아니오,아니오,아니오,2025-09-18
CUST100265,27,1803542.0,12.0,63957.0,61.6,57.0,0,여성,기혼,정규직,학사,가족형,광주,경증,아니오,아니오,아니오,2025-09-18
CUST100266,61,3366528.0,2.9,70300.0,71.2,62.4,2,기타,기혼,정규직,전문학사,표준,광주,경증,아니오,아니오,아니오,2025-09-18
CUST100267,24,2415310.0,7.6,120903.0,65.4,66.0,3,남성,기혼,정규직,석사,프리미엄,대구,없음,예,아니오,아니오,2025-09-18
CUST100268,36,2617364.0,3.5,281056.0,47.6,56.4,1,여성,기혼,정규직,학사,기본,인천,없음,아니오,예,아니오,2025-09-18
CUST100269,43,4983311.0,5.6,,60.4,69.1,1,여성,미혼,정규직,석사,프리미엄,기타,없음,예,아니오,예,2025-09-18
CUST100270,59,4809572.0,7.7,62365.0,85.3,93.4,3,남성,미혼,계약직,학사,기본,대전,없음,아니오,아니오,아니오,2025-09-18
CUST100271,24,4230965.0,3.6,86287.0,95.8,41.7,0,여성,기혼,정규직,박사,표준,광주,없음,아니오,아니오,아니오,2025-09-18
CUST100272,55,2189224.0,2.6,86682.0,81.8,53.2,0,,이혼,계약직,학사,기본,울산,없음,아니오,아니오,아니오,2025-09-18
CUST100273,42,3120309.0,6.2,105968.0,95.2,51.2,2,남성,기혼,정규직,박사,기본,광주,없음,아니오,아니오,예,2025-09-18
CUST100274,30,4955717.0,0.6,79457.0,73.3,63.3,3,여성,기혼,정규직,학사,기본,광주,없음,아니오,예,예,2025-09-18
CUST100275,47,3670060.0,0.6,189587.0,98.1,62.6,2,여성,,은퇴,학사,기본,광주,없음,예,아니오,예,2025-09-18
CUST100276,44,6283195.0,9.4,38583.0,100.0,78.9,0,남성,이혼,정규직,학사,기본,기타,없음,아니오,아니오,아니오,2025-09-18
CUST100277,34,3971981.0,0.3,114666.0,46.0,65.6,1,남성,미혼,정규직,석사,프리미엄,서울,없음,아니오,아니오,아니오,2025-09-18
CUST100278,42,3730458.0,9.3,117944.0,75.3,70.5,1,남성,미혼,정규직,박사,기본,부산,없음,아니오,아니오,아니오,2025-09-18
CUST100279,37,3129060.0,8.3,41807.0,73.3,72.2,1,남성,이혼,정규직,전문학사,표준,대구,없음,아니오,아니오,아니오,2025-09-18
CUST100280,43,3660249.0,2.6,113839.0,65.6,69.4,1,여성,기혼,무직,석사,기본,울산,중증,아니오,아니오,예,2025-09-18
CUST100281,49,3317036.0,2.6,120180.0,79.4,77.7,0,여성,미혼,비정규직,전문학사,가족형,서울,없음,아니오,아니오,아니오,2025-09-18
CUST100282,61,4349730.0,12.0,,72.6,62.8,1,남성,기혼,정규직,학사,가족형,대구,없음,아니오,아니오,아니오,2025-09-18
CUST100283,27,4648042.0,1.1,35250.0,61.0,94.6,1,여성,,무직,고졸,기본,광주,없음,아니오,아니오,아니오,2025-09-18
CUST100284,67,2556812.0,3.7,,71.6,100.0,3,남성,미혼,정규직,전문학사,표준,기타,없음,아니오,아니오,아니오,2025-09-18
CUST100285,18,1902520.0,8.3,51138.0,90.1,77.7,0,남성,이혼,정규직,석사,기본,대구,없음,예,아니오,아니오,2025-09-18
CUST100286,40,1296553.0,9.9,28206.0,74.7,69.1,0,,미혼,은퇴,고졸,가족형,인천,없음,아니오,아니오,아니오,2025-09-18
CUST100287,49,4109589.0,4.7,12201.0,81.4,76.2,0,여성,기혼,비정규직,학사,표준,인천,중증,아니오,아니오,예,2025-09-18
CUST100288,45,2175960.0,3.0,32226.0,67.8,45.2,0,남성,미혼,계약직,학사,기본,부산,없음,예,아니오,아니오,2025-09-18
CUST100289,34,1000000.0,13.1,76834.0,78.8,68.2,1,남성,기혼,비정규직,고졸,표준,부산,없음,예,아니오,예,2025-09-18
CUST100290,39,3966294.0,14.7,26212.0,53.9,51.8,1,남성,미혼,계약직,전문학사,기본,대구,없음,예,아니오,아니오,2025-09-18
CUST100291,36,6491599.0,10.9,135291.0,64.5,74.2,1,여성,,은퇴,학사,표준,서울,없음,아니오,아니오,예,2025-09-18
CUST100292,34,3492714.0,6.4,41124.0,,51.9,0,기타,기혼,정규직,고졸,프리미엄,서울,없음,아니오,아니오,아니오,2025-09-18
CUST100293,52,4506188.0,2.0,106566.0,52.9,58.8,1,남성,,정규직,석사,표준,광주,없음,아니오,아니오,아니오,2025-09-18
CUST100294,46,3598195.0,1.8,216467.0,59.5,31.3,0,남성,미혼,정규직,박사,표준,서울,없음,예,예,아니오,2025-09-18
CUST100295,33,3381332.0,8.6,207506.0,76.7,43.9,2,여성,미혼,비정규직,전문학사,기본,부산,없음,아니오,아니오,아니오,2025-09-18
CUST100296,52,,8.1,105224.0,73.9,71.4,0,여성,미혼,정규직,고졸,기본,서울,없음,예,아니오,예,2025-09-18
CUST100297,45,3151670.0,13.0,30204.0,84.1,49.4,4,남성,미혼,정규직,학사,기본,광주,없음,예,아니오,아니오,2025-09-18
CUST100298,51,3820870.0,,81042.0,63.0,84.1,0,여성,기혼,정규직,학사,프리미엄,인천,없음,아니오,아니오,아니오,2025-09-18
CUST100299,49,3886037.0,1.5,107777.0,72.9,47.8,1,여성,기혼,은퇴,전문학사,기본,서울,없음,아니오,아니오,아니오,2025-09-18
CUST100300,32,2698291.0,11.3,373311.0,61.9,73.2,2,남성,기혼,비정규직,고졸,표준,서울,없음,아니오,아니오,아니오,2025-09-18
CUST100301,35,4690450.0,1.0,12051.0,82.6,51.3,4,여성,기혼,정규직,학사,표준,부산,없음,아니오,아니오,아니오,2025-09-18
CUST100302,50,3290048.0,4.1,81267.0,89.9,71.9,0,여성,미혼,정규직,석사,기본,대구,없음,예,아니오,아니오,2025-09-18
CUST100303,49,2593105.0,7.3,131895.0,,37.4,2,여성,미혼,정규직,학사,표준,인천,없음,아니오,아니오,예,2025-09-18
CUST100304,41,4143811.0,16.0,91533.0,87.9,56.8,1,남성,미혼,정규직,학사,표준,기타,없음,예,아니오,예,2025-09-18
CUST100305,43,2421838.0,21.5,99281.0,72.5,49.8,0,남성,기혼,정규직,박사,표준,대구,없음,예,아니오,예,2025-09-18
CUST100306,57,3533817.0,9.0,43408.0,84.1,80.9,1,남성,기혼,무직,학사,표준,기타,없음,아니오,아니오,아니오,2025-09-18
CUST100307,34,3489057.0,5.1,161768.0,73.1,73.3,1,남성,미혼,은퇴,학사,표준,광주,없음,아니오,아니오,아니오,2025-09-18
CUST100308,48,,8.7,86713.0,56.6,42.8,1,여성,미혼,정규직,학사,표준,광주,없음,예,예,아니오,2025-09-18
CUST100309,39,4069637.0,10.4,99012.0,75.7,61.3,1,,기혼,정규직,박사,표준,대구,없음,예,예,아니오,2025-09-18
CUST100310,39,3469967.0,4.4,173695.0,57.1,51.1,0,여성,,정규직,학사,프리미엄,부산,없음,아니오,아니오,아니오,2025-09-18
CUST100311,55,4481319.0,15.0,65568.0,100.0,82.1,1,기타,,정규직,석사,기본,대전,없음,아니오,아니오,아니오,2025-09-18
CUST100312,51,5168249.0,7.2,199949.0,67.0,87.9,2,남성,미혼,정규직,학사,표준,기타,없음,예,아니오,예,2025-09-18
CUST100313,51,4169372.0,8.5,25297.0,81.7,39.1,2,여성,미혼,정규직,학사,기본,부산,없음,아니오,아니오,예,2025-09-18
CUST100314,57,3512423.0,9.3,103263.0,,79.9,0,여성,이혼,정규직,전문학사,기본,대전,없음,예,예,아니오,2025-09-18
CUST100315,42,1925796.0,8.1,41004.0,53.5,50.2,2,남성,기혼,계약직,전문학사,표준,대전,경증,아니오,아니오,아니오,2025-09-18
CUST100316,50,2221863.0,10.2,31717.0,43.5,60.4,1,,미혼,비정규직,석사,가족형,부산,없음,예,아니오,아니오,2025-09-18
CUST100317,38,3133730.0,2.9,278915.0,83.2,65.6,2,남성,기혼,비정규직,전문학사,가족형,대전,없음,아니오,아니오,아니오,2025-09-18
CUST100318,45,2768585.0,3.2,26697.0,95.2,97.7,1,여성,기혼,정규직,학사,기본,대전,없음,예,아니오,아니오,2025-09-18
CUST100319,40,3275634.0,0.5,88018.0,61.0,46.9,0,여성,미혼,무직,전문학사,표준,대전,중증,아니오,아니오,아니오,2025-09-18
CUST100320,43,3567979.0,8.2,24619.0,47.1,80.0,2,남성,미혼,은퇴,석사,표준,인천,없음,아니오,아니오,아니오,2025-09-18
CUST100321,49,4135631.0,9.9,191690.0,67.1,43.9,2,여성,미혼,정규직,고졸,기본,광주,없음,아니오,아니오,아니오,2025-09-18
CUST100322,32,3415401.0,8.3,60284.0,57.9,42.7,2,여성,미혼,정규직,석사,프리미엄,대전,없음,예,아니오,예,2025-09-18
CUST100323,67,4083801.0,14.4,173070.0,62.2,65.5,5,남성,기혼,정규직,학사,프리미엄,광주,없음,아니오,아니오,예,2025-09-18
CUST100324,29,3577369.0,6.0,128728.0,81.2,65.4,2,남성,미혼,정규직,고졸,가족형,울산,없음,아니오,아니오,예,2025-09-18
CUST100325,27,1129440.0,9.3,338014.0,71.2,14.0,0,남성,기혼,정규직,학사,기본,광주,없음,아니오,아니오,아니오,2025-09-18
CUST100326,55,2372797.0,0.5,19670.0,59.6,85.9,2,여성,사별,정규직,전문학사,기본,울산,없음,아니오,아니오,아니오,2025-09-18
CUST100327,51,3327094.0,4.1,34970.0,80.8,26.5,3,여성,미혼,정규직,전문학사,프리미엄,인천,없음,아니오,아니오,예,2025-09-18
CUST100328,49,2048366.0,9.5,166714.0,82.0,,1,여성,기혼,정규직,전문학사,프리미엄,광주,없음,아니오,아니오,아니오,2025-09-18
CUST100329,49,4219914.0,10.2,106969.0,66.9,,0,여성,기혼,정규직,고졸,가족형,대구,없음,아니오,아니오,아니오,2025-09-18
CUST100330,41,5336900.0,4.5,69495.0,74.1,100.0,1,여성,기혼,은퇴,박사,기본,서울,없음,아니오,아니오,아니오,2025-09-18
CUST100331,31,4962514.0,5.6,298031.0,79.8,58.5,3,남성,기혼,정규직,고졸,표준,인천,경증,예,아니오,아니오,2025-09-18
CUST100332,42,3243868.0,1.6,83377.0,78.4,39.2,0,여성,미혼,비정규직,학사,표준,서울,없음,예,아니오,아니오,2025-09-18
CUST100333,33,5288871.0,4.2,42450.0,72.6,88.2,0,남성,기혼,정규직,전문학사,기본,대구,없음,아니오,아니오,아니오,2025-09-18
CUST100334,53,3678400.0,10.5,174504.0,93.5,80.6,1,남성,기혼,정규직,학사,표준,부산,없음,아니오,아니오,아니오,2025-09-18
CUST100335,40,3095496.0,8.9,85549.0,80.7,56.2,0,여성,이혼,정규직,전문학사,표준,부산,없음,아니오,아니오,아니오,2025-09-18
CUST100336,32,2763916.0,8.5,90731.0,65.2,53.9,1,남성,미혼,정규직,학사,기본,대전,없음,아니오,아니오,예,2025-09-18
CUST100337,38,3137036.0,6.2,136535.0,65.3,52.1,1,여성,기혼,정규직,학사,표준,기타,없음,아니오,아니오,아니오,2025-09-18
CUST100338,46,3034187.0,6.0,140318.0,63.6,58.8,0,여성,미혼,정규직,학사,표준,부산,없음,아니오,예,예,2025-09-18
CUST100339,35,3704499.0,2.7,34523.0,81.5,70.7,0,남성,사별,정규직,고졸,표준,인천,없음,아니오,아니오,아니오,2025-09-18
CUST100340,32,3692688.0,9.5,66304.0,62.7,54.8,1,남성,기혼,비정규직,학사,가족형,부산,없음,아니오,아니오,아니오,2025-09-18
CUST100341,44,3503655.0,8.1,22416.0,65.6,57.1,3,여성,기혼,정규직,전문학사,표준,인천,없음,아니오,아니오,아니오,2025-09-18
CUST100342,44,4024325.0,8.5,108143.0,87.9,76.5,1,여성,기혼,비정규직,고졸,표준,인천,없음,아니오,아니오,아니오,2025-09-18
CUST100343,35,4928775.0,3.4,275663.0,74.9,38.3,2,남성,미혼,정규직,학사,실버,서울,없음,아니오,아니오,예,2025-09-18
CUST100344,36,4639464.0,4.8,35900.0,,58.2,1,남성,미혼,정규직,학사,가족형,부산,없음,아니오,아니오,아니오,2025-09-18
CUST100345,44,1718122.0,11.5,18149.0,84.0,34.8,0,여성,미혼,정규직,학사,기본,광주,없음,아니오,아니오,아니오,2025-09-18
CUST100346,24,1000000.0,3.6,48799.0,54.3,67.0,0,여성,미혼,비정규직,학사,프리미엄,울산,없음,아니오,아니오,아니오,2025-09-18
CUST100347,25,4621183.0,1.7,69011.0,70.5,30.1,1,남성,미혼,은퇴,전문학사,기본,부산,없음,아니오,아니오,아니오,2025-09-18
CUST100348,33,1859745.0,9.5,141192.0,86.8,81.0,0,남성,기혼,무직,전문학사,기본,부산,없음,예,아니오,예,2025-09-18
CUST100349,39,3230281.0,4.0,63304.0,53.7,41.3,1,여성,기혼,정규직,고졸,표준,부산,없음,예,아니오,예,2025-09-18
CUST100350,45,2095864.0,11.3,109576.0,78.3,,1,여성,미혼,무직,학사,표준,대전,없음,아니오,아니오,아니오,2025-09-18
CUST100351,59,1337623.0,9.1,55196.0,71.4,58.5,0,기타,기혼,정규직,학사,프리미엄,광주,없음,아니오,아니오,예,2025-09-18
CUST100352,52,4149755.0,9.4,72095.0,45.7,95.8,1,여성,기혼,은퇴,전문학사,프리미엄,광주,없음,예,아니오,예,2025-09-18
CUST100353,40,4410986.0,0.8,41180.0,73.8,77.8,1,,이혼,정규직,학사,실버,인천,없음,아니오,아니오,아니오,2025-09-18
CUST100354,41,2808187.0,12.1,30124.0,59.4,30.4,1,남성,기혼,정규직,학사,프리미엄,광주,없음,예,아니오,아니오,2025-09-18
CUST100355,29,1000000.0,7.3,144771.0,54.5,40.8,2,여성,미혼,정규직,학사,표준,인천,없음,예,아니오,아니오,2025-09-18
CUST100356,41,2844506.0,4.2,58487.0,72.1,57.9,1,남성,기혼,정규직,학사,프리미엄,울산,없음,아니오,아니오,아니오,2025-09-18
CUST100357,38,3970164.0,6.7,115467.0,43.0,100.0,1,여성,,계약직,학사,실버,서울,경증,아니오,아니오,아니오,2025-09-18
CUST100358,45,,2.9,40592.0,61.9,48.1,1,남성,미혼,은퇴,학사,프리미엄,인천,경증,예,아니오,예,2025-09-18
CUST100359,32,3720031.0,8.0,83798.0,100.0,48.2,2,남성,미혼,정규직,전문학사,프리미엄,부산,없음,아니오,아니오,아니오,2025-09-18
CUST100360,48,3481628.0,,8179.0,81.8,92.5,2,여성,미혼,비정규직,고졸,가족형,대구,없음,예,아니오,아니오,2025-09-18
CUST100361,60,4195149.0,0.8,62186.0,58.8,68.5,0,여성,,계약직,고졸,기본,기타,없음,아니오,아니오,예,2025-09-18
CUST100362,40,3643496.0,1.6,44617.0,93.1,84.0,3,남성,미혼,정규직,학사,프리미엄,대구,없음,예,아니오,아니오,2025-09-18
CUST100363,46,2332317.0,11.6,186468.0,57.1,51.9,0,여성,기혼,정규직,석사,가족형,대전,없음,예,아니오,아니오,2025-09-18
CUST100364,50,4935885.0,2.9,25654.0,63.7,63.2,1,남성,미혼,정규직,학사,실버,부산,없음,아니오,아니오,아니오,2025-09-18
CUST100365,37,,13.7,74490.0,54.8,88.7,0,남성,기혼,정규직,고졸,기본,기타,경증,아니오,아니오,예,2025-09-18
CUST100366,44,3467234.0,3.3,,75.8,62.4,0,여성,기혼,정규직,학사,표준,인천,없음,예,아니오,아니오,2025-09-18
CUST100367,42,2380078.0,2.5,169013.0,92.5,85.2,1,,미혼,정규직,석사,프리미엄,부산,없음,아니오,아니오,아니오,2025-09-18
CUST100368,43,2968061.0,0.4,153275.0,57.0,72.0,0,여성,미혼,정규직,석사,기본,기타,없음,예,아니오,아니오,2025-09-18
CUST100369,32,2438236.0,12.2,79227.0,41.1,46.3,1,남성,미혼,정규직,학사,표준,대전,없음,아니오,아니오,아니오,2025-09-18
CUST100370,42,3292464.0,5.2,88126.0,88.4,64.7,0,여성,미혼,무직,석사,표준,광주,없음,예,아니오,아니오,2025-09-18
CUST100371,47,5554050.0,3.3,186355.0,,82.7,0,여성,미혼,정규직,고졸,표준,인천,없음,아니오,아니오,아니오,2025-09-18
CUST100372,59,1853718.0,6.8,78045.0,42.1,77.0,1,남성,미혼,정규직,고졸,표준,울산,없음,아니오,아니오,아니오,2025-09-18
CUST100373,53,1563726.0,8.5,95408.0,78.9,64.3,0,남성,기혼,정규직,고졸,표준,부산,없음,아니오,아니오,예,2025-09-18
CUST100374,67,5265404.0,11.6,190526.0,75.4,30.9,2,,,정규직,학사,표준,광주,없음,아니오,아니오,예,2025-09-18
CUST100375,32,3248811.0,13.2,368705.0,60.2,32.7,1,여성,미혼,정규직,고졸,표준,기타,없음,아니오,아니오,아니오,2025-09-18
CUST100376,52,2697112.0,4.2,101620.0,51.1,36.5,1,남성,미혼,정규직,학사,표준,대전,없음,아니오,아니오,아니오,2025-09-18
CUST100377,44,,0.6,122720.0,86.9,55.8,0,여성,기혼,정규직,학사,기본,광주,없음,예,아니오,아니오,2025-09-18
CUST100378,68,2773261.0,3.9,150114.0,74.7,58.2,1,남성,기혼,정규직,전문학사,기본,인천,없음,아니오,아니오,아니오,2025-09-18
CUST100379,32,5691211.0,7.3,189294.0,75.8,38.4,2,남성,기혼,정규직,석사,기본,대전,없음,아니오,아니오,예,2025-09-18
CUST100380,31,4313511.0,1.2,171916.0,62.7,83.4,1,,기혼,정규직,고졸,표준,대전,없음,아니오,아니오,예,2025-09-18
CUST100381,34,2914506.0,1.2,51607.0,60.0,42.3,0,남성,미혼,비정규직,전문학사,프리미엄,대전,없음,아니오,아니오,아니오,2025-09-18
CUST100382,18,6088769.0,7.7,106700.0,35.2,40.3,2,여성,미혼,정규직,학사,기본,기타,없음,예,아니오,아니오,2025-09-18
CUST100383,35,2773142.0,5.8,172733.0,68.6,66.6,4,여성,기혼,정규직,고졸,기본,서울,없음,아니오,아니오,아니오,2025-09-18
CUST100384,32,4390514.0,6.2,216664.0,93.6,82.5,2,여성,미혼,정규직,학사,프리미엄,대전,중증,아니오,아니오,아니오,2025-09-18
CUST100385,43,3859151.0,,74597.0,58.6,100.0,0,여성,사별,무직,석사,표준,서울,없음,예,아니오,아니오,2025-09-18
CUST100386,46,,4.8,104808.0,49.2,75.5,4,여성,기혼,정규직,석사,실버,광주,없음,아니오,아니오,예,2025-09-18
CUST100387,64,5373813.0,1.4,113813.0,78.5,93.4,0,여성,기혼,계약직,석사,프리미엄,울산,없음,아니오,아니오,아니오,2025-09-18
CUST100388,53,3538404.0,10.5,85906.0,81.3,43.2,0,여성,미혼,계약직,전문학사,표준,서울,없음,아니오,아니오,아니오,2025-09-18
CUST100389,35,,11.2,,63.2,100.0,0,여성,기혼,정규직,학사,표준,광주,없음,예,아니오,아니오,2025-09-18
CUST100390,31,4051966.0,3.2,516897.0,66.8,31.5,3,여성,기혼,정규직,고졸,표준,서울,없음,아니오,아니오,예,2025-09-18
CUST100391,47,2686741.0,1.4,72161.0,76.0,55.9,0,남성,미혼,정규직,전문학사,기본,광주,없음,예,아니오,아니오,2025-09-18
CUST100392,26,5916064.0,1.5,,69.7,75.1,0,여성,미혼,정규직,고졸,기본,광주,경증,아니오,아니오,아니오,2025-09-18
CUST100393,63,3663842.0,2.7,16014.0,87.0,36.1,0,여성,기혼,정규직,전문학사,기본,기타,없음,아니오,아니오,예,2025-09-18
CUST100394,56,3061614.0,5.6,13032.0,100.0,48.3,1,여성,기혼,정규직,석사,프리미엄,울산,없음,아니오,아니오,아니오,2025-09-18
CUST100395,36,3721616.0,1.2,119697.0,46.4,45.5,0,여성,미혼,정규직,전문학사,표준,대전,없음,예,예,아니오,2025-09-18
CUST100396,21,1883448.0,1.4,173216.0,90.4,59.4,1,여성,미혼,정규직,학사,기본,울산,없음,아니오,예,예,2025-09-18
CUST100397,58,2334063.0,1.0,151894.0,73.6,90.6,1,기타,기혼,무직,학사,프리미엄,울산,없음,아니오,예,아니오,2025-09-18
CUST100398,40,4940496.0,7.0,40490.0,92.8,65.3,1,남성,기혼,정규직,학사,표준,대전,없음,예,아니오,아니오,2025-09-18
CUST100399,56,2711726.0,6.3,145734.0,82.9,,1,여성,기혼,무직,박사,표준,광주,없음,아니오,아니오,아니오,2025-09-18
CUST100400,22,2243706.0,2.4,75700.0,72.9,13.1,2,,,은퇴,전문학사,기본,대전,없음,아니오,아니오,아니오,2025-09-18
CUST100401,34,4143983.0,6.9,61628.0,83.4,73.4,2,여성,미혼,은퇴,학사,표준,광주,없음,아니오,아니오,아니오,2025-09-18
CUST100402,42,4922844.0,3.3,23090.0,66.1,79.2,0,여성,기혼,계약직,학사,실버,대전,없음,예,아니오,예,2025-09-18
CUST100403,42,4362743.0,4.6,45190.0,60.4,34.4,1,남성,미혼,정규직,고졸,기본,기타,없음,예,아니오,예,2025-09-18
CUST100404,36,4695257.0,14.4,121714.0,84.2,63.8,0,남성,이혼,정규직,학사,표준,대구,없음,아니오,아니오,예,2025-09-18
CUST100405,49,2591845.0,12.7,105870.0,59.3,68.5,1,여성,기혼,정규직,석사,기본,서울,없음,아니오,아니오,아니오,2025-09-18
CUST100406,29,1793827.0,0.5,94659.0,81.6,82.4,0,남성,미혼,정규직,고졸,기본,울산,없음,예,아니오,아니오,2025-09-18
CUST100407,40,5301600.0,10.1,6997.0,72.5,52.0,2,남성,미혼,무직,고졸,표준,광주,없음,아니오,아니오,예,2025-09-18
CUST100408,43,,10.1,95393.0,37.1,49.2,2,여성,기혼,은퇴,고졸,프리미엄,부산,없음,예,아니오,아니오,2025-09-18
CUST100409,48,3199000.0,0.3,50945.0,63.4,56.8,1,남성,미혼,정규직,학사,가족형,대전,없음,아니오,아니오,아니오,2025-09-18
CUST100410,50,5093832.0,10.1,106433.0,77.0,88.1,3,여성,미혼,정규직,학사,기본,대전,없음,아니오,아니오,예,2025-09-18
CUST100411,28,4167476.0,13.7,193185.0,65.9,83.8,2,여성,기혼,정규직,학사,표준,인천,없음,아니오,아니오,아니오,2025-09-18
CUST100412,23,4047065.0,0.4,57620.0,33.8,64.6,2,남성,미혼,정규직,학사,표준,부산,없음,아니오,아니오,아니오,2025-09-18
CUST100413,57,6098002.0,1.4,90190.0,91.8,83.4,2,,기혼,정규직,석사,표준,부산,없음,예,아니오,아니오,2025-09-18
CUST100414,45,2727778.0,11.1,296865.0,74.5,22.4,1,여성,미혼,정규직,학사,표준,기타,없음,아니오,아니오,아니오,2025-09-18
CUST100415,33,4613408.0,7.4,102549.0,78.7,79.2,2,여성,기혼,계약직,석사,기본,울산,없음,아니오,아니오,아니오,2025-09-18
CUST100416,60,3568415.0,8.8,81903.0,64.9,44.9,1,여성,미혼,정규직,석사,표준,대구,없음,아니오,예,아니오,2025-09-18
CUST100417,43,3822310.0,7.7,41099.0,80.0,96.8,1,여성,미혼,무직,학사,표준,서울,없음,아니오,아니오,아니오,2025-09-18
CUST100418,56,5334162.0,8.0,148573.0,99.5,45.8,1,여성,기혼,비정규직,학사,프리미엄,대구,경증,아니오,아니오,아니오,2025-09-18
CUST100419,42,4109402.0,0.6,34898.0,61.0,49.7,0,남성,기혼,무직,석사,프리미엄,서울,경증,예,아니오,아니오,2025-09-18
CUST100420,66,4145955.0,11.2,198970.0,97.0,75.1,0,남성,미혼,정규직,석사,기본,광주,없음,아니오,아니오,예,2025-09-18
CUST100421,63,4787008.0,11.8,134025.0,78.0,76.9,0,남성,미혼,무직,고졸,기본,울산,없음,예,아니오,아니오,2025-09-18
CUST100422,39,3062056.0,4.9,52495.0,59.0,,2,남성,기혼,비정규직,고졸,가족형,대구,없음,예,아니오,아니오,2025-09-18
CUST100423,53,2492948.0,5.8,42361.0,100.0,71.7,3,여성,기혼,정규직,석사,표준,인천,없음,아니오,아니오,예,2025-09-18
CUST100424,49,2246228.0,1.7,43285.0,77.9,73.9,1,,사별,정규직,전문학사,가족형,서울,없음,아니오,아니오,아니오,2025-09-18
CUST100425,58,1140372.0,8.6,13321.0,82.1,72.1,2,남성,사별,무직,석사,기본,대구,없음,아니오,아니오,예,2025-09-18
CUST100426,30,5967448.0,8.9,117628.0,68.0,57.7,1,여성,기혼,정규직,학사,표준,울산,경증,예,예,아니오,2025-09-18
CUST100427,50,2176149.0,5.7,8329.0,60.1,74.1,2,,미혼,정규직,고졸,표준,인천,경증,아니오,아니오,예,2025-09-18
CUST100428,54,3234495.0,11.6,77900.0,74.5,90.3,1,남성,기혼,정규직,고졸,가족형,울산,없음,예,아니오,예,2025-09-18
CUST100429,20,3167824.0,4.3,74002.0,95.7,42.9,3,여성,기혼,비정규직,고졸,기본,부산,없음,예,예,아니오,2025-09-18
CUST100430,27,3868888.0,8.8,63974.0,67.4,49.9,0,남성,미혼,계약직,전문학사,기본,대전,없음,예,아니오,아니오,2025-09-18
CUST100431,18,4478884.0,0.9,117046.0,,65.5,0,남성,미혼,정규직,학사,표준,광주,없음,아니오,아니오,예,2025-09-18
CUST100432,38,4532568.0,,52608.0,93.8,46.0,0,남성,미혼,정규직,학사,가족형,기타,없음,아니오,아니오,아니오,2025-09-18
CUST100433,50,2800307.0,5.1,95576.0,67.5,32.5,1,남성,,은퇴,박사,가족형,울산,없음,예,아니오,예,2025-09-18
CUST100434,60,,7.1,198944.0,79.7,84.7,2,여성,,계약직,학사,실버,광주,없음,예,아니오,아니오,2025-09-18
CUST100435,42,3839095.0,4.2,127186.0,85.2,24.9,0,여성,기혼,무직,학사,실버,울산,없음,아니오,아니오,아니오,2025-09-18
CUST100436,61,3201570.0,5.3,59446.0,69.0,57.8,0,남성,기혼,정규직,학사,기본,부산,없음,아니오,예,예,2025-09-18
CUST100437,25,5428814.0,10.1,,76.6,78.7,1,남성,기혼,정규직,학사,기본,울산,없음,아니오,아니오,아니오,2025-09-18
CUST100438,21,4089169.0,3.8,64033.0,81.9,69.8,0,여성,미혼,정규직,학사,기본,울산,없음,예,예,예,2025-09-18
CUST100439,41,4381853.0,2.0,73169.0,66.0,58.0,2,여성,미혼,비정규직,고졸,표준,대구,없음,예,예,예,2025-09-18
CUST100440,46,4295457.0,14.7,97787.0,84.2,45.2,1,남성,기혼,정규직,고졸,프리미엄,대전,없음,아니오,아니오,아니오,2025-09-18
CUST100441,41,4908168.0,12.9,21997.0,63.8,71.2,2,남성,미혼,정규직,고졸,가족형,부산,없음,아니오,아니오,아니오,2025-09-18
CUST100442,18,3717225.0,0.5,16839.0,61.9,47.2,1,여성,기혼,정규직,고졸,기본,인천,없음,아니오,아니오,아니오,2025-09-18
CUST100443,40,1943801.0,9.4,37968.0,49.1,69.8,0,여성,이혼,정규직,학사,표준,대전,없음,아니오,아니오,아니오,2025-09-18
CUST100444,26,3979625.0,3.5,121078.0,64.4,67.5,1,남성,미혼,계약직,전문학사,가족형,서울,없음,예,아니오,아니오,2025-09-18
CUST100445,50,2718371.0,7.3,133165.0,59.8,67.7,1,여성,미혼,정규직,석사,표준,대구,없음,아니오,아니오,아니오,2025-09-18
CUST100446,46,2865659.0,7.5,147391.0,66.0,53.5,1,남성,기혼,비정규직,석사,기본,대전,없음,아니오,아니오,아니오,2025-09-18
CUST100447,30,4203636.0,4.8,39372.0,81.2,100.0,1,여성,이혼,무직,박사,표준,서울,없음,아니오,아니오,아니오,2025-09-18
CUST100448,35,4985939.0,2.1,89798.0,46.1,71.4,0,여성,기혼,정규직,석사,표준,부산,없음,아니오,아니오,아니오,2025-09-18
CUST100449,29,3525525.0,2.5,60985.0,42.4,60.0,3,여성,기혼,비정규직,전문학사,표준,울산,없음,아니오,아니오,아니오,2025-09-18
CUST100450,41,3870599.0,1.4,75599.0,60.8,69.8,0,남성,,은퇴,학사,표준,광주,없음,예,아니오,아니오,2025-09-18
CUST100451,53,5542657.0,1.8,60094.0,78.9,51.1,2,,사별,은퇴,고졸,기본,대전,없음,예,아니오,아니오,2025-09-18
CUST100452,30,3788903.0,5.7,101953.0,76.3,58.0,1,남성,미혼,정규직,석사,실버,대전,없음,아니오,아니오,아니오,2025-09-18
CUST100453,48,6622019.0,2.4,47130.0,60.5,100.0,5,여성,미혼,정규직,석사,표준,서울,없음,예,아니오,아니오,2025-09-18
CUST100454,35,4178611.0,9.4,184157.0,89.5,51.2,1,남성,기혼,정규직,석사,표준,기타,없음,아니오,아니오,아니오,2025-09-18
CUST100455,32,1387084.0,13.4,185273.0,62.1,63.6,1,남성,기혼,비정규직,학사,실버,서울,없음,아니오,아니오,아니오,2025-09-18
CUST100456,40,4404009.0,3.1,118390.0,,56.8,1,남성,미혼,계약직,학사,기본,광주,없음,아니오,예,아니오,2025-09-18
CUST100457,29,3957390.0,7.2,169699.0,,46.3,2,여성,미혼,비정규직,고졸,기본,서울,없음,예,아니오,아니오,2025-09-18
CUST100458,35,5047703.0,8.5,21095.0,59.0,72.6,1,남성,미혼,정규직,고졸,프리미엄,서울,없음,아니오,예,아니오,2025-09-18
CUST100459,27,4307817.0,8.4,191473.0,62.9,65.7,1,남성,미혼,정규직,학사,표준,대전,없음,예,아니오,아니오,2025-09-18
CUST100460,65,3333852.0,6.4,110330.0,83.0,81.4,1,남성,미혼,정규직,학사,프리미엄,광주,없음,예,아니오,아니오,2025-09-18
CUST100461,42,2030842.0,9.7,49636.0,77.4,79.6,0,여성,이혼,정규직,박사,표준,광주,없음,아니오,아니오,아니오,2025-09-18
CUST100462,33,3249172.0,8.4,45400.0,86.5,81.2,1,여성,기혼,계약직,고졸,기본,울산,없음,아니오,예,아니오,2025-09-18
CUST100463,44,2479375.0,0.2,236289.0,77.4,48.5,1,여성,기혼,정규직,석사,표준,대전,없음,예,아니오,예,2025-09-18
CUST100464,40,2803371.0,10.3,149043.0,47.8,,1,여성,기혼,정규직,학사,기본,울산,없음,아니오,아니오,예,2025-09-18
CUST100465,39,4206294.0,10.4,74025.0,100.0,,1,여성,기혼,정규직,석사,프리미엄,부산,없음,아니오,아니오,아니오,2025-09-18
CUST100466,49,5503885.0,2.2,20833.0,77.6,46.6,1,남성,기혼,정규직,석사,표준,기타,없음,예,아니오,아니오,2025-09-18
CUST100467,51,3973605.0,6.2,198113.0,79.7,59.3,2,여성,기혼,정규직,석사,가족형,기타,없음,예,아니오,아니오,2025-09-18
CUST100468,35,2064940.0,9.4,30350.0,,38.8,0,남성,미혼,정규직,전문학사,프리미엄,부산,없음,아니오,아니오,예,2025-09-18
CUST100469,35,4033523.0,5.0,61897.0,88.7,,0,남성,기혼,정규직,석사,기본,기타,없음,아니오,아니오,아니오,2025-09-18
CUST100470,38,4935957.0,11.4,73944.0,55.6,77.0,0,여성,기혼,정규직,고졸,프리미엄,기타,없음,예,아니오,아니오,2025-09-18
CUST100471,18,2768260.0,17.8,44792.0,81.1,90.7,0,남성,기혼,정규직,고졸,표준,대전,없음,예,아니오,아니오,2025-09-18
CUST100472,23,3339179.0,2.1,71347.0,40.8,60.9,0,남성,사별,계약직,학사,프리미엄,서울,없음,아니오,예,아니오,2025-09-18
CUST100473,58,3517625.0,0.9,82879.0,82.2,73.1,1,남성,미혼,정규직,석사,프리미엄,대구,경증,아니오,아니오,아니오,2025-09-18
CUST100474,61,2558122.0,7.5,70176.0,55.8,82.8,1,여성,기혼,비정규직,학사,표준,부산,없음,예,아니오,아니오,2025-09-18
CUST100475,39,4277936.0,9.6,105707.0,76.2,51.4,2,남성,미혼,비정규직,석사,표준,부산,없음,아니오,아니오,아니오,2025-09-18
CUST100476,48,3354862.0,4.8,242134.0,92.4,48.7,0,여성,기혼,정규직,학사,표준,대전,없음,예,아니오,아니오,2025-09-18
CUST100477,45,4003438.0,13.3,21953.0,84.3,52.0,0,여성,미혼,은퇴,전문학사,표준,울산,없음,예,아니오,아니오,2025-09-18
CUST100478,78,2435009.0,0.7,93937.0,90.4,58.7,0,여성,미혼,정규직,석사,기본,대전,없음,예,아니오,아니오,2025-09-18
CUST100479,55,2975050.0,,30673.0,88.8,49.3,1,남성,미혼,계약직,고졸,표준,대구,없음,아니오,아니오,예,2025-09-18
CUST100480,40,4366857.0,3.0,19732.0,64.1,52.8,0,여성,기혼,은퇴,석사,기본,대구,없음,아니오,아니오,아니오,2025-09-18
CUST100481,30,,14.6,160929.0,81.0,80.9,0,남성,미혼,무직,전문학사,기본,기타,없음,아니오,아니오,아니오,2025-09-18
CUST100482,22,5572356.0,16.0,100024.0,46.1,63.3,2,남성,기혼,정규직,학사,기본,광주,없음,아니오,아니오,아니오,2025-09-18
CUST100483,44,3020436.0,,18386.0,61.7,70.5,1,남성,미혼,정규직,학사,표준,기타,없음,아니오,아니오,아니오,2025-09-18
CUST100484,32,3769621.0,3.3,71295.0,92.9,,0,여성,이혼,정규직,고졸,표준,대전,없음,예,아니오,예,2025-09-18
CUST100485,24,4619108.0,10.3,38062.0,66.2,53.9,1,남성,기혼,정규직,전문학사,프리미엄,부산,없음,예,아니오,아니오,2025-09-18
CUST100486,34,1797961.0,4.1,73300.0,44.0,70.1,1,남성,미혼,비정규직,고졸,표준,울산,없음,아니오,아니오,아니오,2025-09-18
CUST100487,29,1387029.0,5.8,,100.0,67.3,1,남성,미혼,정규직,전문학사,표준,기타,없음,아니오,아니오,아니오,2025-09-18
CUST100488,62,1669212.0,6.1,126878.0,80.4,79.0,1,남성,기혼,정규직,고졸,표준,울산,없음,아니오,아니오,아니오,2025-09-18
CUST100489,52,5015100.0,3.6,,83.5,88.4,1,여성,기혼,비정규직,학사,프리미엄,기타,없음,예,아니오,아니오,2025-09-18
CUST100490,41,2837770.0,5.9,166151.0,57.3,52.6,1,여성,기혼,정규직,석사,표준,기타,없음,아니오,아니오,아니오,2025-09-18
CUST100491,59,6569839.0,2.6,209524.0,76.3,80.5,0,여성,미혼,무직,학사,실버,인천,없음,아니오,아니오,아니오,2025-09-18
CUST100492,42,2822902.0,3.5,138128.0,75.9,45.6,0,남성,기혼,계약직,석사,가족형,인천,없음,예,아니오,예,2025-09-18
CUST100493,31,3721461.0,13.2,52344.0,59.7,100.0,3,남성,사별,정규직,학사,프리미엄,기타,없음,아니오,아니오,아니오,2025-09-18
CUST100494,60,5350531.0,0.3,75217.0,69.5,50.8,2,여성,미혼,비정규직,학사,가족형,서울,없음,아니오,예,예,2025-09-18
CUST100495,48,5907311.0,10.1,237065.0,49.5,77.4,1,남성,,정규직,학사,표준,부산,없음,예,아니오,예,2025-09-18
CUST100496,29,5973804.0,,64227.0,66.8,45.4,3,여성,미혼,정규직,학사,표준,기타,없음,예,아니오,아니오,2025-09-18
CUST100497,39,4950039.0,,,86.6,62.3,0,남성,기혼,은퇴,학사,프리미엄,인천,없음,예,아니오,아니오,2025-09-18
CUST100498,31,4728875.0,10.0,44249.0,60.8,92.8,2,여성,기혼,무직,고졸,프리미엄,울산,없음,예,아니오,아니오,2025-09-18
CUST100499,25,4211032.0,7.7,166954.0,100.0,50.3,0,남성,미혼,정규직,석사,가족형,부산,없음,아니오,아니오,예,2025-09-18
CUST100500,53,4434033.0,8.9,39826.0,50.5,100.0,0,남성,미혼,정규직,학사,프리미엄,대전,없음,예,아니오,아니오,2025-09-18
CUST100501,64,2838577.0,10.8,77816.0,68.1,64.9,1,여성,미혼,정규직,전문학사,실버,부산,경증,예,아니오,아니오,2025-09-18
CUST100502,25,2518161.0,4.3,123975.0,62.2,82.6,1,여성,미혼,정규직,학사,표준,인천,없음,아니오,아니오,예,2025-09-18
CUST100503,48,3495950.0,2.9,269651.0,69.3,,1,남성,미혼,정규직,고졸,프리미엄,울산,없음,아니오,아니오,아니오,2025-09-18
CUST100504,34,3295778.0,0.6,98662.0,92.6,73.2,0,여성,사별,정규직,전문학사,프리미엄,부산,경증,아니오,아니오,아니오,2025-09-18
CUST100505,36,2956126.0,1.9,67503.0,57.2,39.3,1,여성,기혼,정규직,고졸,프리미엄,대구,없음,아니오,아니오,예,2025-09-18
CUST100506,34,4335664.0,20.7,63451.0,65.2,56.5,0,남성,미혼,정규직,석사,표준,서울,없음,아니오,예,아니오,2025-09-18
CUST100507,31,4646366.0,12.2,161961.0,81.8,86.5,0,남성,기혼,정규직,학사,프리미엄,광주,없음,예,아니오,아니오,2025-09-18
CUST100508,42,3606088.0,0.8,116893.0,73.4,58.8,0,남성,기혼,은퇴,석사,가족형,울산,없음,아니오,아니오,아니오,2025-09-18
CUST100509,32,5273036.0,0.6,134631.0,74.6,67.5,2,남성,기혼,계약직,고졸,기본,인천,없음,아니오,아니오,예,2025-09-18
CUST100510,45,2129973.0,8.4,226000.0,57.5,37.1,2,여성,미혼,정규직,학사,표준,대전,없음,예,아니오,아니오,2025-09-18
CUST100511,41,3267608.0,,87272.0,70.9,,2,남성,미혼,정규직,학사,표준,광주,없음,아니오,아니오,아니오,2025-09-18
CUST100512,39,2639813.0,8.7,110996.0,89.0,85.2,0,남성,이혼,정규직,고졸,실버,서울,없음,아니오,아니오,아니오,2025-09-18
CUST100513,31,1260156.0,4.7,62751.0,47.9,41.9,0,남성,기혼,정규직,학사,표준,울산,없음,아니오,아니오,예,2025-09-18
CUST100514,35,3400783.0,5.4,42750.0,61.5,77.9,0,여성,미혼,정규직,고졸,기본,기타,없음,예,아니오,아니오,2025-09-18
CUST100515,51,3353902.0,7.6,50433.0,44.8,68.2,2,남성,기혼,계약직,고졸,표준,울산,없음,예,아니오,아니오,2025-09-18
CUST100516,48,,6.4,4675.0,80.1,,3,남성,기혼,정규직,학사,프리미엄,대구,없음,아니오,아니오,예,2025-09-18
CUST100517,30,,,123078.0,90.4,60.0,1,남성,미혼,비정규직,학사,기본,대구,경증,아니오,아니오,아니오,2025-09-18
CUST100518,43,2270975.0,4.9,114141.0,69.2,56.2,0,여성,기혼,정규직,고졸,표준,대구,없음,예,아니오,아니오,2025-09-18
CUST100519,51,5724911.0,1.7,121217.0,56.9,57.8,0,남성,이혼,무직,고졸,가족형,대구,경증,아니오,아니오,예,2025-09-18
CUST100520,21,4965240.0,6.9,40248.0,57.4,81.7,2,여성,미혼,무직,전문학사,가족형,인천,없음,예,예,아니오,2025-09-18
CUST100521,48,4198517.0,20.9,51191.0,67.5,57.2,2,남성,기혼,정규직,전문학사,기본,울산,없음,예,아니오,아니오,2025-09-18
CUST100522,34,3228219.0,7.8,49771.0,67.5,97.5,0,남성,기혼,정규직,전문학사,실버,인천,없음,아니오,아니오,예,2025-09-18
CUST100523,48,2348672.0,4.4,178212.0,85.7,70.4,2,여성,기혼,정규직,학사,프리미엄,부산,없음,예,아니오,아니오,2025-09-18
CUST100524,32,3053351.0,10.6,95955.0,62.0,54.6,2,남성,미혼,정규직,학사,기본,대전,없음,예,아니오,아니오,2025-09-18
CUST100525,20,4806498.0,8.4,86557.0,78.5,82.5,0,여성,미혼,비정규직,학사,기본,부산,없음,예,예,아니오,2025-09-18
CUST100526,22,5761503.0,8.1,143466.0,67.4,,0,여성,기혼,정규직,학사,기본,대전,없음,아니오,아니오,아니오,2025-09-18
CUST100527,42,5351892.0,9.0,49915.0,60.8,35.2,1,,미혼,정규직,학사,프리미엄,서울,없음,예,예,아니오,2025-09-18
CUST100528,45,2913380.0,16.3,109039.0,67.0,46.4,2,여성,미혼,정규직,고졸,기본,기타,없음,아니오,아니오,아니오,2025-09-18
CUST100529,31,2156459.0,,292848.0,77.0,62.9,3,남성,미혼,정규직,고졸,기본,부산,없음,아니오,아니오,아니오,2025-09-18
CUST100530,49,,8.4,197491.0,85.7,36.5,3,남성,미혼,무직,석사,프리미엄,서울,없음,아니오,아니오,아니오,2025-09-18
CUST100531,22,1377872.0,1.4,107842.0,68.2,100.0,1,여성,이혼,정규직,고졸,표준,기타,없음,예,예,아니오,2025-09-18
CUST100532,41,3887801.0,8.8,89056.0,53.9,79.8,0,여성,미혼,비정규직,고졸,프리미엄,서울,없음,아니오,아니오,아니오,2025-09-18
CUST100533,27,3322876.0,1.4,120468.0,87.0,,2,여성,이혼,정규직,고졸,프리미엄,서울,없음,예,아니오,아니오,2025-09-18
CUST100534,34,2940756.0,3.9,216017.0,58.5,58.8,2,남성,미혼,정규직,학사,기본,대구,없음,아니오,아니오,아니오,2025-09-18
CUST100535,42,1586356.0,4.5,205858.0,75.9,54.2,1,남성,기혼,정규직,학사,가족형,광주,없음,아니오,아니오,아니오,2025-09-18
CUST100536,31,4116320.0,10.9,240429.0,71.6,29.6,1,여성,미혼,비정규직,박사,기본,광주,없음,예,아니오,아니오,2025-09-18
CUST100537,37,2860758.0,,100015.0,69.6,33.8,3,남성,기혼,정규직,석사,표준,인천,없음,아니오,아니오,아니오,2025-09-18
CUST100538,54,2096099.0,0.2,8239.0,64.7,99.2,0,,기혼,정규직,학사,표준,서울,없음,예,아니오,예,2025-09-18
CUST100539,35,1000000.0,6.3,279360.0,81.3,93.3,1,남성,미혼,정규직,전문학사,기본,대구,없음,예,아니오,아니오,2025-09-18
CUST100540,52,3466982.0,2.5,42666.0,18.3,54.6,0,여성,기혼,정규직,전문학사,실버,부산,없음,아니오,아니오,아니오,2025-09-18
CUST100541,28,5626701.0,0.3,141827.0,89.0,81.3,1,남성,미혼,은퇴,고졸,표준,부산,없음,아니오,아니오,아니오,2025-09-18
CUST100542,48,5493511.0,4.9,8476.0,58.3,74.1,0,여성,,정규직,고졸,기본,인천,없음,예,아니오,아니오,2025-09-18
CUST100543,59,2951484.0,4.5,85184.0,78.1,76.2,1,,,정규직,고졸,가족형,인천,없음,예,아니오,예,2025-09-18
CUST100544,18,2777345.0,18.1,64321.0,77.3,39.3,2,여성,기혼,정규직,고졸,표준,서울,없음,예,아니오,아니오,2025-09-18
CUST100545,32,4062529.0,8.2,240791.0,91.1,32.5,2,여성,이혼,무직,전문학사,프리미엄,기타,없음,아니오,아니오,아니오,2025-09-18
CUST100546,48,2301937.0,0.9,108848.0,75.0,86.3,0,남성,미혼,정규직,전문학사,표준,서울,없음,아니오,아니오,아니오,2025-09-18
CUST100547,39,3862150.0,3.2,84502.0,59.6,29.4,2,여성,미혼,계약직,박사,프리미엄,기타,없음,예,아니오,예,2025-09-18
CUST100548,46,4419296.0,11.1,117716.0,47.9,62.3,3,남성,미혼,무직,학사,기본,부산,없음,예,예,아니오,2025-09-18
CUST100549,34,4972319.0,16.4,2289.0,66.8,58.4,0,남성,기혼,정규직,박사,표준,부산,없음,아니오,아니오,아니오,2025-09-18
CUST100550,43,3379815.0,1.9,48929.0,42.6,56.7,1,여성,기혼,정규직,전문학사,표준,부산,없음,아니오,아니오,예,2025-09-18
CUST100551,40,3255591.0,3.4,55622.0,62.6,70.7,4,남성,미혼,정규직,학사,기본,부산,없음,아니오,아니오,아니오,2025-09-18
CUST100552,56,2446420.0,15.4,131264.0,67.6,52.8,1,남성,기혼,계약직,전문학사,프리미엄,광주,없음,아니오,아니오,아니오,2025-09-18
CUST100553,45,2507743.0,7.9,34552.0,61.7,,3,남성,미혼,정규직,고졸,표준,서울,없음,예,아니오,아니오,2025-09-18
CUST100554,46,3228225.0,1.7,96827.0,72.6,67.5,2,남성,미혼,정규직,고졸,표준,서울,없음,아니오,아니오,아니오,2025-09-18
CUST100555,37,3940838.0,8.7,78333.0,68.5,100.0,2,여성,기혼,비정규직,석사,기본,부산,없음,예,아니오,아니오,2025-09-18
CUST100556,36,4596301.0,7.2,51262.0,67.1,40.1,2,남성,기혼,정규직,박사,프리미엄,대구,없음,아니오,아니오,아니오,2025-09-18
CUST100557,36,2536185.0,6.0,54184.0,35.6,65.5,1,여성,기혼,정규직,고졸,프리미엄,부산,없음,예,아니오,예,2025-09-18
CUST100558,46,5291226.0,7.6,77775.0,52.6,72.8,0,여성,미혼,정규직,고졸,표준,대전,없음,아니오,아니오,예,2025-09-18
CUST100559,36,3174651.0,10.6,11843.0,81.6,60.4,1,남성,기혼,정규직,학사,표준,울산,없음,아니오,아니오,예,2025-09-18
CUST100560,45,3474359.0,0.9,144838.0,84.1,40.9,4,남성,미혼,정규직,고졸,기본,울산,없음,아니오,아니오,예,2025-09-18
CUST100561,66,2603345.0,6.4,,44.4,87.6,1,여성,미혼,정규직,전문학사,표준,인천,없음,아니오,아니오,아니오,2025-09-18
CUST100562,52,1000000.0,1.4,67663.0,59.8,71.1,2,남성,기혼,무직,고졸,기본,대전,없음,아니오,아니오,아니오,2025-09-18
CUST100563,38,4560854.0,7.3,234967.0,88.1,42.2,1,남성,기혼,정규직,학사,표준,대구,없음,아니오,예,예,2025-09-18
CUST100564,56,4384212.0,,146574.0,61.2,72.9,2,남성,미혼,무직,전문학사,표준,인천,없음,아니오,아니오,예,2025-09-18
CUST100565,37,3162406.0,4.0,28924.0,70.3,95.6,2,여성,미혼,비정규직,전문학사,가족형,울산,경증,아니오,아니오,아니오,2025-09-18
CUST100566,18,3580388.0,1.0,1585.0,93.6,64.3,0,여성,기혼,정규직,고졸,표준,대구,없음,예,아니오,예,2025-09-18
CUST100567,29,4119127.0,9.3,121354.0,,65.0,1,남성,미혼,계약직,학사,프리미엄,인천,중증,아니오,아니오,아니오,2025-09-18
CUST100568,19,,,69837.0,64.4,93.2,0,남성,기혼,정규직,박사,표준,부산,없음,아니오,아니오,예,2025-09-18
CUST100569,37,2865136.0,4.8,97262.0,69.6,47.5,4,여성,기혼,은퇴,전문학사,가족형,기타,없음,아니오,아니오,아니오,2025-09-18
CUST100570,42,4453117.0,6.2,143191.0,99.8,96.1,0,여성,미혼,무직,석사,표준,부산,없음,아니오,아니오,아니오,2025-09-18
CUST100571,62,1994852.0,1.2,159175.0,78.7,82.5,1,여성,기혼,정규직,석사,표준,대구,없음,아니오,아니오,아니오,2025-09-18
CUST100572,45,3852269.0,4.5,59308.0,72.3,48.4,1,여성,기혼,정규직,석사,가족형,인천,없음,아니오,아니오,아니오,2025-09-18
CUST100573,39,1872101.0,5.7,76778.0,64.1,53.0,0,남성,미혼,정규직,석사,기본,광주,없음,예,아니오,아니오,2025-09-18
CUST100574,51,,19.1,111387.0,80.1,55.6,1,여성,기혼,정규직,학사,기본,대구,없음,예,예,예,2025-09-18
CUST100575,18,3457230.0,0.4,116714.0,,32.0,0,남성,미혼,정규직,석사,기본,기타,없음,예,아니오,아니오,2025-09-18
CUST100576,44,1561841.0,13.3,96554.0,55.9,69.7,1,남성,기혼,정규직,고졸,프리미엄,대구,없음,아니오,아니오,아니오,2025-09-18
CUST100577,51,4897687.0,,217836.0,82.3,49.2,0,여성,,비정규직,학사,기본,기타,없음,예,아니오,아니오,2025-09-18
CUST100578,24,2618490.0,7.4,115777.0,69.7,70.3,1,남성,기혼,정규직,박사,가족형,대전,없음,예,아니오,아니오,2025-09-18
CUST100579,55,2527697.0,14.8,141717.0,,,1,기타,미혼,무직,학사,표준,서울,없음,예,아니오,아니오,2025-09-18
CUST100580,46,3740683.0,7.9,102691.0,58.7,81.6,1,남성,미혼,계약직,박사,기본,대구,없음,아니오,예,아니오,2025-09-18
CUST100581,37,4878364.0,7.9,34312.0,66.0,78.3,1,여성,기혼,정규직,학사,표준,광주,없음,아니오,아니오,아니오,2025-09-18
CUST100582,49,,5.7,48793.0,56.5,52.3,3,여성,미혼,무직,석사,기본,부산,없음,예,예,아니오,2025-09-18
CUST100583,69,3574015.0,12.1,27727.0,55.8,71.5,0,남성,미혼,정규직,학사,표준,인천,없음,아니오,아니오,예,2025-09-18
CUST100584,44,4014579.0,11.5,171562.0,77.7,66.5,1,여성,미혼,정규직,학사,프리미엄,서울,없음,아니오,아니오,아니오,2025-09-18
CUST100585,44,4331726.0,2.9,18271.0,66.7,91.7,3,남성,미혼,정규직,학사,표준,인천,없음,예,예,아니오,2025-09-18
CUST100586,36,3711729.0,0.6,74325.0,52.5,46.4,3,여성,기혼,정규직,석사,기본,부산,없음,아니오,아니오,예,2025-09-18
CUST100587,31,3059566.0,5.0,62023.0,100.0,62.3,0,남성,,정규직,석사,프리미엄,대구,없음,아니오,아니오,예,2025-09-18
CUST100588,51,2506891.0,2.0,60695.0,55.1,53.5,1,여성,미혼,무직,석사,프리미엄,대전,없음,예,예,예,2025-09-18
CUST100589,31,3603372.0,5.7,65121.0,88.4,65.8,2,남성,기혼,은퇴,학사,프리미엄,광주,없음,예,아니오,아니오,2025-09-18
CUST100590,42,2213433.0,12.2,245443.0,49.9,74.6,1,남성,기혼,비정규직,전문학사,프리미엄,서울,없음,아니오,아니오,아니오,2025-09-18
CUST100591,36,1000000.0,3.7,10823.0,78.8,53.3,0,남성,기혼,계약직,고졸,기본,광주,없음,아니오,예,예,2025-09-18
CUST100592,47,4023871.0,5.8,199855.0,68.2,58.4,0,남성,미혼,정규직,석사,가족형,기타,없음,예,예,아니오,2025-09-18
CUST100593,46,4584721.0,6.3,69676.0,62.6,82.4,1,여성,기혼,정규직,학사,표준,울산,없음,아니오,아니오,아니오,2025-09-18
CUST100594,54,1000000.0,10.2,152045.0,75.0,89.4,0,여성,기혼,계약직,전문학사,기본,광주,없음,아니오,아니오,아니오,2025-09-18
CUST100595,35,,5.2,88591.0,72.9,73.9,1,,기혼,정규직,고졸,프리미엄,광주,없음,아니오,아니오,예,2025-09-18
CUST100596,38,4242985.0,3.0,30632.0,59.8,62.5,1,남성,기혼,정규직,석사,가족형,광주,없음,예,아니오,아니오,2025-09-18
CUST100597,30,5968994.0,7.1,212769.0,59.1,60.8,0,여성,미혼,정규직,석사,프리미엄,부산,없음,아니오,아니오,아니오,2025-09-18
CUST100598,36,3524952.0,12.0,191147.0,48.4,74.9,0,남성,기혼,정규직,석사,기본,광주,경증,예,아니오,아니오,2025-09-18
CUST100599,46,2626396.0,3.5,32893.0,76.6,69.1,1,여성,기혼,정규직,학사,표준,대전,없음,아니오,아니오,아니오,2025-09-18
CUST100600,51,3280524.0,3.4,127985.0,53.2,35.3,3,기타,이혼,비정규직,전문학사,표준,광주,없음,아니오,아니오,아니오,2025-09-18
CUST100601,30,5149851.0,9.1,50761.0,72.1,75.3,0,남성,미혼,정규직,전문학사,가족형,부산,없음,아니오,예,아니오,2025-09-18
CUST100602,52,2724842.0,2.8,,80.9,49.5,4,남성,기혼,정규직,고졸,기본,기타,없음,아니오,아니오,예,2025-09-18
CUST100603,58,2540969.0,0.1,42492.0,75.1,39.5,0,,,정규직,석사,프리미엄,인천,없음,아니오,아니오,예,2025-09-18
CUST100604,46,2920707.0,2.9,204506.0,61.2,35.0,0,여성,기혼,정규직,고졸,표준,부산,없음,아니오,아니오,아니오,2025-09-18
CUST100605,64,2356005.0,5.1,154624.0,85.6,61.1,0,여성,기혼,무직,학사,프리미엄,울산,없음,아니오,아니오,예,2025-09-18
CUST100606,32,3647204.0,3.0,65746.0,65.9,,1,,기혼,정규직,학사,가족형,울산,없음,예,아니오,예,2025-09-18
CUST100607,27,5449614.0,5.0,205154.0,52.0,23.1,2,남성,미혼,정규직,학사,표준,대전,없음,아니오,아니오,아니오,2025-09-18
CUST100608,20,,10.5,181358.0,67.7,58.5,2,여성,기혼,정규직,석사,표준,기타,없음,예,아니오,예,2025-09-18
CUST100609,59,3197175.0,12.4,42552.0,80.8,56.2,0,여성,미혼,정규직,고졸,프리미엄,대전,없음,아니오,아니오,아니오,2025-09-18
CUST100610,49,3149826.0,9.3,238997.0,61.9,62.3,1,남성,기혼,정규직,학사,표준,대구,경증,아니오,예,아니오,2025-09-18
CUST100611,41,1624171.0,0.3,61518.0,,53.7,0,여성,미혼,정규직,고졸,프리미엄,부산,없음,아니오,아니오,아니오,2025-09-18
CUST100612,45,4559731.0,5.0,68628.0,,97.9,1,남성,기혼,은퇴,고졸,표준,인천,없음,예,아니오,예,2025-09-18
CUST100613,28,3406595.0,6.0,11185.0,62.5,,1,남성,기혼,비정규직,학사,기본,대구,없음,아니오,아니오,예,2025-09-18
CUST100614,71,3283424.0,9.0,49942.0,56.3,56.0,2,여성,미혼,정규직,고졸,프리미엄,대구,없음,아니오,아니오,예,2025-09-18
CUST100615,43,7331729.0,9.3,74780.0,82.3,63.9,0,남성,미혼,정규직,석사,기본,서울,없음,예,아니오,예,2025-09-18
CUST100616,43,3858503.0,2.3,104813.0,71.2,90.5,0,여성,사별,정규직,학사,가족형,광주,없음,아니오,예,예,2025-09-18
CUST100617,50,45367740.0,6.4,30735.0,57.3,82.2,1,여성,미혼,정규직,고졸,표준,대구,경증,아니오,아니오,아니오,2025-09-18
CUST100618,47,2988370.0,8.3,44315.0,66.1,39.9,2,남성,미혼,비정규직,고졸,프리미엄,대구,없음,아니오,아니오,아니오,2025-09-18
CUST100619,44,4878134.0,13.3,242475.0,25.9,47.5,2,여성,미혼,무직,학사,표준,대전,없음,아니오,아니오,아니오,2025-09-18
CUST100620,32,3635924.0,9.5,173279.0,83.7,50.9,1,여성,이혼,정규직,석사,표준,인천,없음,아니오,아니오,아니오,2025-09-18
CUST100621,47,1774066.0,9.9,195347.0,69.4,57.1,2,남성,이혼,무직,학사,표준,대구,없음,아니오,아니오,아니오,2025-09-18
CUST100622,64,4603074.0,6.4,79776.0,35.9,54.3,1,남성,기혼,정규직,학사,프리미엄,기타,경증,예,아니오,아니오,2025-09-18
CUST100623,58,2698227.0,13.1,107107.0,50.1,65.6,0,남성,기혼,정규직,석사,표준,울산,없음,예,아니오,예,2025-09-18
CUST100624,61,5747957.0,8.0,130006.0,65.7,78.2,2,남성,미혼,정규직,학사,가족형,인천,경증,아니오,아니오,아니오,2025-09-18
CUST100625,35,4796057.0,1.7,240134.0,52.3,81.2,1,남성,이혼,정규직,전문학사,표준,광주,없음,아니오,아니오,아니오,2025-09-18
CUST100626,30,2963213.0,13.0,18713.0,83.9,59.1,3,남성,미혼,무직,학사,프리미엄,울산,없음,예,아니오,예,2025-09-18
CUST100627,40,5037219.0,9.5,54325.0,78.3,35.6,1,남성,미혼,정규직,학사,프리미엄,대전,없음,예,아니오,아니오,2025-09-18
CUST100628,42,3581426.0,3.8,100062.0,77.4,46.3,1,여성,미혼,정규직,학사,기본,기타,없음,아니오,아니오,아니오,2025-09-18
CUST100629,55,4523328.0,3.6,89016.0,32.9,55.6,2,남성,기혼,은퇴,학사,표준,울산,없음,아니오,아니오,예,2025-09-18
CUST100630,21,4081679.0,7.5,43820.0,64.1,42.6,0,여성,기혼,무직,박사,표준,서울,경증,예,아니오,아니오,2025-09-18
CUST100631,60,2484372.0,8.3,122151.0,,85.5,0,여성,미혼,계약직,고졸,표준,서울,없음,아니오,아니오,아니오,2025-09-18
CUST100632,40,2727740.0,7.0,56159.0,57.7,43.8,2,여성,이혼,무직,석사,표준,광주,없음,예,아니오,아니오,2025-09-18
CUST100633,36,4735952.0,7.6,84164.0,65.8,76.1,2,남성,미혼,정규직,학사,프리미엄,광주,없음,아니오,예,아니오,2025-09-18
CUST100634,29,3098269.0,14.5,118302.0,55.1,34.7,3,여성,미혼,계약직,학사,기본,울산,없음,아니오,아니오,아니오,2025-09-18
CUST100635,22,3015621.0,11.4,58403.0,75.2,76.8,0,,기혼,비정규직,고졸,프리미엄,대전,없음,아니오,예,아니오,2025-09-18
CUST100636,51,2353852.0,7.0,145794.0,83.5,62.5,1,여성,,무직,학사,가족형,기타,없음,아니오,아니오,예,2025-09-18
CUST100637,42,4008318.0,10.7,164596.0,82.2,92.2,0,남성,기혼,계약직,학사,표준,대전,경증,아니오,아니오,아니오,2025-09-18
CUST100638,26,,0.8,45306.0,69.9,44.6,1,남성,기혼,정규직,학사,표준,기타,없음,예,아니오,아니오,2025-09-18
CUST100639,26,,,55824.0,100.0,54.8,1,,기혼,계약직,고졸,기본,부산,없음,예,아니오,예,2025-09-18
CUST100640,37,3529063.0,15.0,35229.0,89.1,58.3,4,남성,미혼,정규직,학사,가족형,대구,없음,아니오,예,아니오,2025-09-18
CUST100641,62,5194664.0,4.9,82735.0,70.5,62.3,2,남성,,정규직,고졸,표준,대구,없음,아니오,아니오,아니오,2025-09-18
CUST100642,38,3404430.0,1.8,104761.0,64.8,58.8,0,남성,,정규직,박사,표준,기타,없음,아니오,아니오,예,2025-09-18
CUST100643,23,,2.7,63102.0,92.1,59.1,0,여성,미혼,무직,석사,실버,대구,없음,아니오,아니오,아니오,2025-09-18
CUST100644,39,2225127.0,0.6,102623.0,87.1,58.8,0,여성,기혼,정규직,고졸,표준,인천,없음,아니오,아니오,예,2025-09-18
CUST100645,38,4013968.0,2.1,54596.0,50.8,27.7,0,남성,기혼,정규직,석사,프리미엄,부산,없음,예,아니오,아니오,2025-09-18
CUST100646,18,3275426.0,4.1,56092.0,88.3,82.9,0,여성,,정규직,석사,표준,울산,없음,아니오,아니오,아니오,2025-09-18
CUST100647,41,4682875.0,1.0,108758.0,69.7,100.0,0,여성,이혼,은퇴,전문학사,기본,대구,없음,아니오,아니오,예,2025-09-18
CUST100648,39,4924863.0,6.1,,59.1,,0,여성,기혼,정규직,학사,프리미엄,인천,없음,아니오,아니오,아니오,2025-09-18
CUST100649,50,6607476.0,10.5,79325.0,42.3,44.6,1,여성,미혼,계약직,학사,기본,기타,없음,아니오,아니오,아니오,2025-09-18
CUST100650,64,4195559.0,1.5,111582.0,68.0,46.4,1,여성,미혼,무직,학사,프리미엄,기타,없음,아니오,예,아니오,2025-09-18
CUST100651,55,3890955.0,13.6,101529.0,71.8,76.0,4,여성,미혼,정규직,전문학사,기본,인천,없음,아니오,아니오,예,2025-09-18
CUST100652,38,33197332.0,8.6,55248.0,95.8,71.9,4,남성,기혼,정규직,전문학사,가족형,서울,없음,아니오,아니오,예,2025-09-18
CUST100653,28,3076200.0,11.2,176127.0,86.4,59.9,1,여성,기혼,계약직,학사,기본,인천,없음,아니오,예,아니오,2025-09-18
CUST100654,72,3906180.0,2.7,125908.0,63.3,78.6,1,남성,기혼,무직,고졸,표준,광주,없음,아니오,아니오,아니오,2025-09-18
CUST100655,42,3145518.0,10.3,100072.0,77.8,27.9,1,남성,미혼,계약직,석사,표준,대전,없음,아니오,아니오,아니오,2025-09-18
CUST100656,42,,0.5,30911.0,84.4,78.6,0,여성,미혼,정규직,전문학사,표준,인천,없음,아니오,아니오,아니오,2025-09-18
CUST100657,41,5081117.0,10.5,90674.0,73.3,69.3,2,,미혼,무직,학사,표준,광주,없음,예,아니오,아니오,2025-09-18
CUST100658,44,2292148.0,6.9,,63.2,47.1,0,여성,기혼,정규직,석사,표준,광주,없음,아니오,예,예,2025-09-18
CUST100659,40,4867854.0,8.8,119466.0,64.0,39.2,0,남성,사별,정규직,학사,표준,서울,경증,아니오,아니오,예,2025-09-18
CUST100660,35,5080538.0,0.1,1515.0,77.8,67.2,3,남성,기혼,계약직,학사,표준,울산,없음,아니오,아니오,아니오,2025-09-18
CUST100661,35,3358317.0,1.5,67858.0,78.2,90.3,2,여성,미혼,정규직,석사,표준,서울,없음,예,아니오,아니오,2025-09-18
CUST100662,41,1000000.0,9.0,53204.0,67.6,60.9,1,남성,기혼,계약직,석사,표준,기타,경증,아니오,아니오,아니오,2025-09-18
CUST100663,35,2770613.0,1.3,146172.0,32.7,49.7,2,여성,기혼,정규직,고졸,기본,기타,없음,아니오,아니오,아니오,2025-09-18
CUST100664,33,5056393.0,8.3,11712.0,52.6,68.4,0,남성,미혼,무직,학사,실버,인천,없음,예,아니오,아니오,2025-09-18
CUST100665,43,3472558.0,0.8,86304.0,81.3,97.8,0,남성,기혼,정규직,박사,표준,서울,경증,아니오,아니오,아니오,2025-09-18
CUST100666,38,2300837.0,10.2,124819.0,40.0,72.8,1,기타,미혼,정규직,전문학사,기본,서울,경증,아니오,아니오,예,2025-09-18
CUST100667,60,2894270.0,0.2,269812.0,89.8,74.7,0,남성,미혼,계약직,전문학사,표준,울산,없음,아니오,아니오,아니오,2025-09-18
CUST100668,18,4508744.0,8.8,55943.0,87.5,87.0,3,남성,미혼,정규직,고졸,가족형,대전,없음,예,아니오,아니오,2025-09-18
CUST100669,55,4156080.0,9.1,106081.0,72.6,,4,,기혼,정규직,고졸,기본,대구,없음,아니오,아니오,아니오,2025-09-18
CUST100670,56,,2.5,12707.0,81.0,50.9,1,여성,미혼,은퇴,학사,프리미엄,기타,없음,예,아니오,아니오,2025-09-18
CUST100671,18,3059810.0,8.9,82975.0,79.9,33.6,0,여성,미혼,정규직,학사,표준,인천,없음,아니오,아니오,아니오,2025-09-18
CUST100672,37,3029890.0,7.3,184902.0,70.2,48.4,1,남성,미혼,은퇴,박사,기본,기타,없음,예,아니오,아니오,2025-09-18
CUST100673,37,2393107.0,3.3,271535.0,51.4,45.1,3,남성,기혼,정규직,학사,프리미엄,울산,없음,예,아니오,예,2025-09-18
CUST100674,25,5438450.0,1.0,113467.0,86.5,76.9,1,여성,사별,정규직,전문학사,표준,인천,없음,아니오,아니오,아니오,2025-09-18
CUST100675,32,3113215.0,3.8,17501.0,93.1,79.4,2,남성,기혼,계약직,고졸,표준,기타,없음,아니오,아니오,아니오,2025-09-18
CUST100676,28,4960590.0,7.7,205035.0,53.9,68.2,1,여성,미혼,비정규직,박사,프리미엄,인천,없음,아니오,아니오,예,2025-09-18
CUST100677,63,5325579.0,1.8,17680.0,50.8,42.2,0,남성,미혼,정규직,전문학사,표준,서울,없음,아니오,아니오,예,2025-09-18
CUST100678,53,4697973.0,6.5,28031.0,69.9,97.2,0,남성,미혼,정규직,전문학사,가족형,대전,없음,아니오,예,아니오,2025-09-18
CUST100679,57,2982055.0,4.7,216745.0,62.6,57.5,2,여성,미혼,무직,석사,표준,서울,없음,아니오,아니오,예,2025-09-18
CUST100680,50,3984476.0,9.4,78385.0,74.2,75.9,1,남성,기혼,정규직,학사,프리미엄,광주,없음,아니오,아니오,아니오,2025-09-18
CUST100681,28,3470965.0,,50761.0,90.1,65.9,1,여성,기혼,정규직,전문학사,프리미엄,부산,없음,예,아니오,아니오,2025-09-18
CUST100682,35,2415557.0,4.4,137059.0,38.3,68.8,0,남성,기혼,정규직,석사,기본,부산,없음,예,아니오,아니오,2025-09-18
CUST100683,47,3889231.0,,94395.0,,75.2,3,남성,기혼,정규직,박사,프리미엄,울산,없음,아니오,아니오,아니오,2025-09-18
CUST100684,27,2085152.0,7.7,173803.0,65.9,52.5,1,기타,미혼,정규직,고졸,표준,부산,없음,예,아니오,아니오,2025-09-18
CUST100685,50,4925215.0,7.6,97685.0,79.7,,0,남성,미혼,정규직,석사,기본,울산,경증,아니오,아니오,아니오,2025-09-18
CUST100686,39,2942459.0,8.3,99358.0,81.3,36.6,1,여성,기혼,정규직,학사,표준,대구,없음,아니오,아니오,아니오,2025-09-18
CUST100687,37,3741391.0,1.7,169632.0,83.0,46.3,0,남성,미혼,정규직,학사,기본,서울,없음,예,아니오,아니오,2025-09-18
CUST100688,50,3839945.0,,77553.0,72.9,88.3,0,여성,미혼,정규직,석사,프리미엄,기타,없음,아니오,아니오,예,2025-09-18
CUST100689,47,3189314.0,9.1,,,75.6,0,여성,미혼,비정규직,박사,표준,광주,없음,예,아니오,예,2025-09-18
CUST100690,37,,0.9,,76.3,,2,남성,미혼,정규직,전문학사,실버,광주,없음,아니오,아니오,예,2025-09-18
CUST100691,55,2930115.0,4.8,65883.0,62.5,66.2,0,여성,미혼,무직,전문학사,기본,부산,없음,아니오,예,아니오,2025-09-18
CUST100692,29,4545556.0,5.8,103556.0,45.6,95.6,0,여성,,비정규직,고졸,표준,대전,없음,아니오,아니오,아니오,2025-09-18
CUST100693,49,1884824.0,5.3,9493.0,53.7,31.6,1,남성,기혼,정규직,학사,기본,대구,없음,예,아니오,아니오,2025-09-18
CUST100694,49,3651655.0,7.7,75092.0,70.4,39.6,1,여성,미혼,정규직,고졸,표준,울산,경증,아니오,아니오,아니오,2025-09-18
CUST100695,38,5826714.0,13.2,53892.0,60.2,81.1,0,여성,미혼,정규직,학사,프리미엄,대구,없음,예,아니오,아니오,2025-09-18
CUST100696,45,2299602.0,11.4,9100.0,60.2,33.7,2,남성,기혼,계약직,고졸,프리미엄,부산,없음,아니오,아니오,아니오,2025-09-18
CUST100697,26,2686706.0,0.6,76965.0,99.0,61.4,3,남성,미혼,은퇴,학사,프리미엄,울산,없음,아니오,아니오,아니오,2025-09-18
CUST100698,53,4116689.0,9.1,79013.0,84.9,86.0,2,남성,미혼,정규직,고졸,가족형,울산,없음,아니오,아니오,아니오,2025-09-18
CUST100699,39,3715498.0,12.6,109105.0,68.2,74.0,1,남성,미혼,비정규직,석사,기본,부산,없음,아니오,아니오,아니오,2025-09-18
CUST100700,35,3920756.0,7.9,182809.0,82.1,65.2,0,여성,미혼,정규직,전문학사,표준,기타,없음,아니오,아니오,예,2025-09-18
CUST100701,54,4087024.0,11.5,163251.0,65.7,56.9,0,여성,기혼,정규직,전문학사,프리미엄,서울,경증,예,예,아니오,2025-09-18
CUST100702,33,4261665.0,16.1,57146.0,73.7,68.6,0,여성,기혼,무직,석사,표준,대전,없음,예,아니오,아니오,2025-09-18
CUST100703,25,4831639.0,11.1,95903.0,78.6,75.4,2,남성,미혼,정규직,학사,기본,대구,없음,아니오,예,아니오,2025-09-18
CUST100704,23,3991782.0,7.2,120664.0,65.7,53.1,0,남성,미혼,정규직,전문학사,표준,광주,없음,예,아니오,예,2025-09-18
CUST100705,49,3210490.0,11.2,58529.0,61.7,71.7,2,여성,미혼,정규직,고졸,표준,부산,없음,아니오,아니오,아니오,2025-09-18
CUST100706,26,4307088.0,6.7,19556.0,90.4,84.4,3,여성,미혼,비정규직,학사,표준,서울,없음,아니오,아니오,아니오,2025-09-18
CUST100707,63,5779858.0,6.1,70588.0,81.2,61.0,2,여성,사별,정규직,학사,프리미엄,광주,없음,아니오,예,아니오,2025-09-18
CUST100708,18,3340839.0,4.2,188004.0,38.2,66.2,0,남성,기혼,무직,학사,표준,기타,없음,아니오,아니오,예,2025-09-18
CUST100709,62,2330564.0,13.8,,,73.7,0,남성,기혼,정규직,학사,기본,대구,없음,아니오,아니오,아니오,2025-09-18
CUST100710,44,4828496.0,1.9,34564.0,60.3,74.9,0,남성,기혼,정규직,전문학사,기본,부산,없음,아니오,아니오,아니오,2025-09-18
CUST100711,40,3355542.0,13.7,41930.0,62.7,80.8,2,기타,기혼,비정규직,학사,가족형,울산,없음,아니오,아니오,예,2025-09-18
CUST100712,35,1000000.0,,34943.0,84.9,46.7,0,남성,기혼,정규직,학사,실버,기타,없음,아니오,아니오,아니오,2025-09-18
CUST100713,46,4516906.0,1.0,137486.0,72.3,55.5,3,여성,미혼,비정규직,석사,프리미엄,기타,없음,아니오,아니오,예,2025-09-18
CUST100714,41,2857606.0,7.8,48922.0,51.2,56.1,1,여성,미혼,정규직,고졸,표준,대전,없음,아니오,예,아니오,2025-09-18
CUST100715,55,3391360.0,4.5,140073.0,66.3,48.7,1,남성,,정규직,학사,가족형,부산,없음,아니오,예,아니오,2025-09-18
CUST100716,43,3898376.0,9.1,86230.0,80.1,32.6,1,여성,미혼,정규직,고졸,프리미엄,기타,없음,아니오,아니오,아니오,2025-09-18
CUST100717,43,3728599.0,10.4,13809.0,68.7,6.4,1,여성,사별,무직,학사,프리미엄,대전,없음,예,아니오,아니오,2025-09-18
CUST100718,37,4351342.0,3.0,59606.0,,86.5,1,여성,기혼,정규직,석사,프리미엄,서울,없음,예,아니오,아니오,2025-09-18
CUST100719,41,2977416.0,6.6,166590.0,77.0,37.0,1,남성,이혼,계약직,전문학사,표준,서울,없음,아니오,아니오,예,2025-09-18
CUST100720,45,4115726.0,15.8,93709.0,96.3,93.2,0,남성,미혼,정규직,석사,표준,기타,경증,아니오,아니오,아니오,2025-09-18
CUST100721,21,3188543.0,3.5,,78.9,78.3,0,남성,기혼,정규직,학사,기본,대구,없음,예,아니오,예,2025-09-18
CUST100722,25,4386572.0,,189527.0,91.5,57.7,2,남성,미혼,정규직,석사,표준,대전,경증,아니오,아니오,아니오,2025-09-18
CUST100723,50,4238440.0,13.4,31364.0,63.3,76.1,2,여성,사별,은퇴,학사,프리미엄,부산,없음,아니오,아니오,예,2025-09-18
CUST100724,44,2377473.0,15.8,50500.0,71.9,72.7,1,,미혼,계약직,고졸,가족형,서울,없음,아니오,아니오,예,2025-09-18
CUST100725,39,4803178.0,6.0,156026.0,,45.2,2,남성,기혼,계약직,전문학사,프리미엄,부산,없음,아니오,예,아니오,2025-09-18
CUST100726,42,2856843.0,11.1,135506.0,73.8,64.7,1,여성,기혼,정규직,학사,표준,대구,없음,예,예,아니오,2025-09-18
CUST100727,46,4469669.0,12.7,28844.0,78.6,47.4,0,여성,미혼,정규직,고졸,기본,대전,경증,아니오,아니오,아니오,2025-09-18
CUST100728,35,3940744.0,2.3,117749.0,58.2,76.8,1,남성,기혼,정규직,학사,기본,부산,없음,아니오,예,아니오,2025-09-18
CUST100729,32,5705820.0,3.6,48222.0,81.7,52.1,0,,사별,무직,학사,표준,광주,없음,아니오,아니오,아니오,2025-09-18
CUST100730,44,3231840.0,12.2,8500.0,47.6,63.3,1,여성,미혼,정규직,석사,표준,부산,없음,예,아니오,아니오,2025-09-18
CUST100731,30,3080819.0,14.4,64481.0,52.0,62.5,3,여성,기혼,정규직,학사,표준,인천,없음,예,아니오,예,2025-09-18
CUST100732,46,3476696.0,8.8,282975.0,100.0,67.2,0,여성,미혼,정규직,석사,기본,인천,없음,아니오,예,아니오,2025-09-18
CUST100733,21,3136184.0,1.6,168563.0,64.3,,1,남성,기혼,정규직,석사,실버,울산,없음,예,아니오,아니오,2025-09-18
CUST100734,54,4459930.0,15.9,80313.0,82.9,60.7,1,남성,기혼,정규직,석사,표준,대구,없음,아니오,아니오,아니오,2025-09-18
CUST100735,47,1560427.0,3.3,17244.0,97.5,86.9,0,남성,미혼,무직,전문학사,프리미엄,대구,없음,아니오,아니오,아니오,2025-09-18
CUST100736,45,2235581.0,4.3,8889.0,37.3,73.6,0,,미혼,정규직,학사,표준,대구,없음,아니오,아니오,아니오,2025-09-18
CUST100737,53,2218636.0,7.7,86437.0,88.9,90.5,1,여성,기혼,무직,전문학사,기본,광주,없음,아니오,아니오,아니오,2025-09-18
CUST100738,61,4640369.0,13.8,112243.0,81.7,58.9,0,남성,,계약직,학사,프리미엄,대전,없음,아니오,아니오,예,2025-09-18
CUST100739,54,5552736.0,10.3,138610.0,96.6,77.5,2,여성,미혼,정규직,전문학사,프리미엄,광주,없음,아니오,아니오,예,2025-09-18
CUST100740,19,3374660.0,8.1,127638.0,54.3,63.9,0,여성,기혼,정규직,석사,표준,울산,없음,아니오,아니오,예,2025-09-18
CUST100741,26,3297413.0,8.3,135405.0,93.8,11.2,3,여성,미혼,정규직,학사,표준,부산,없음,아니오,예,예,2025-09-18
CUST100742,34,3584062.0,6.2,102493.0,60.9,45.4,1,여성,미혼,무직,학사,기본,기타,없음,아니오,아니오,아니오,2025-09-18
CUST100743,42,4894253.0,,186772.0,,75.5,0,남성,기혼,정규직,박사,프리미엄,서울,없음,아니오,아니오,예,2025-09-18
CUST100744,48,2387176.0,6.6,,71.5,74.3,3,여성,미혼,정규직,고졸,가족형,대전,없음,아니오,아니오,아니오,2025-09-18
CUST100745,33,3786042.0,4.5,85443.0,83.6,41.7,0,남성,미혼,정규직,학사,기본,인천,없음,예,아니오,아니오,2025-09-18
CUST100746,44,4670237.0,7.2,13877.0,72.7,69.0,3,남성,미혼,정규직,학사,표준,인천,없음,아니오,아니오,예,2025-09-18
CUST100747,32,4101313.0,0.2,52822.0,44.4,74.1,0,여성,기혼,정규직,고졸,가족형,울산,없음,아니오,아니오,아니오,2025-09-18
CUST100748,34,3727497.0,7.9,165417.0,,64.4,1,여성,기혼,정규직,학사,표준,기타,없음,아니오,아니오,아니오,2025-09-18
CUST100749,25,4701255.0,5.0,132375.0,75.1,78.1,3,여성,기혼,계약직,전문학사,프리미엄,인천,없음,아니오,아니오,예,2025-09-18
CUST100750,30,1000000.0,14.8,4854.0,68.0,,1,여성,미혼,계약직,석사,표준,울산,경증,아니오,아니오,아니오,2025-09-18
CUST100751,25,4313450.0,13.9,296864.0,78.0,64.4,1,여성,미혼,정규직,전문학사,표준,부산,없음,아니오,예,예,2025-09-18
CUST100752,30,2715109.0,3.7,93893.0,68.2,55.8,1,여성,미혼,정규직,전문학사,표준,부산,없음,아니오,아니오,예,2025-09-18
CUST100753,54,1303240.0,5.2,95232.0,,83.8,1,남성,미혼,무직,학사,표준,대구,없음,아니오,아니오,아니오,2025-09-18
CUST100754,30,4113443.0,5.6,,75.5,73.3,0,여성,이혼,정규직,고졸,기본,서울,없음,아니오,아니오,아니오,2025-09-18
CUST100755,73,5148390.0,3.7,59862.0,65.3,40.1,1,여성,미혼,무직,전문학사,프리미엄,대구,없음,예,아니오,아니오,2025-09-18
CUST100756,47,3335061.0,7.0,93106.0,77.1,69.0,2,남성,미혼,정규직,학사,프리미엄,부산,없음,아니오,아니오,예,2025-09-18
CUST100757,44,4643449.0,2.2,127111.0,,44.3,1,남성,미혼,비정규직,전문학사,프리미엄,광주,없음,아니오,아니오,아니오,2025-09-18
CUST100758,31,5434733.0,0.3,106072.0,73.4,47.6,0,여성,기혼,정규직,학사,표준,대구,없음,아니오,아니오,아니오,2025-09-18
CUST100759,50,,9.1,53459.0,53.7,,2,여성,기혼,정규직,학사,기본,대전,없음,예,아니오,예,2025-09-18
CUST100760,35,5467957.0,9.1,37667.0,71.9,65.8,1,여성,기혼,무직,학사,기본,부산,없음,예,아니오,아니오,2025-09-18
CUST100761,43,4390552.0,2.0,35303.0,64.8,71.7,1,여성,기혼,정규직,학사,프리미엄,부산,없음,아니오,아니오,아니오,2025-09-18
CUST100762,72,3590520.0,10.5,174300.0,55.2,57.6,3,남성,기혼,정규직,전문학사,표준,기타,없음,예,아니오,예,2025-09-18
CUST100763,40,1577641.0,2.8,160206.0,100.0,58.4,1,여성,미혼,정규직,고졸,표준,기타,없음,아니오,예,아니오,2025-09-18
CUST100764,55,3204725.0,7.3,118913.0,,55.9,1,여성,미혼,계약직,학사,기본,광주,없음,아니오,아니오,아니오,2025-09-18
CUST100765,33,2488104.0,10.1,173443.0,72.1,83.9,1,여성,기혼,정규직,석사,기본,광주,없음,아니오,아니오,아니오,2025-09-18
CUST100766,41,6105131.0,5.8,75512.0,60.0,13.6,1,여성,기혼,계약직,전문학사,표준,광주,없음,예,아니오,아니오,2025-09-18
CUST100767,63,3288937.0,,150824.0,76.5,59.4,1,여성,기혼,정규직,학사,프리미엄,기타,없음,아니오,아니오,아니오,2025-09-18
CUST100768,34,3647845.0,3.4,123352.0,52.9,92.8,2,여성,기혼,정규직,학사,가족형,서울,없음,아니오,아니오,예,2025-09-18
CUST100769,63,4161782.0,5.0,153649.0,84.6,74.3,1,여성,기혼,계약직,학사,가족형,대전,경증,아니오,예,예,2025-09-18
CUST100770,50,3552322.0,5.0,31982.0,100.0,87.8,1,남성,기혼,정규직,학사,가족형,부산,없음,아니오,예,아니오,2025-09-18
CUST100771,35,5534061.0,2.3,101420.0,59.4,28.4,2,여성,기혼,정규직,고졸,가족형,광주,없음,아니오,아니오,아니오,2025-09-18
CUST100772,49,2752820.0,5.1,62676.0,90.3,42.6,0,남성,기혼,정규직,학사,표준,서울,없음,예,아니오,아니오,2025-09-18
CUST100773,53,3733528.0,1.7,6498.0,66.3,74.3,0,남성,미혼,정규직,고졸,기본,인천,없음,아니오,아니오,아니오,2025-09-18
CUST100774,49,2609035.0,3.5,193475.0,94.6,92.9,1,여성,기혼,정규직,학사,프리미엄,대전,없음,아니오,아니오,아니오,2025-09-18
CUST100775,23,1915972.0,4.6,160514.0,100.0,44.5,1,남성,기혼,정규직,석사,기본,울산,없음,아니오,아니오,아니오,2025-09-18
CUST100776,33,2765877.0,4.7,108057.0,68.5,,1,여성,미혼,정규직,학사,표준,울산,없음,아니오,예,아니오,2025-09-18
CUST100777,39,3455555.0,4.8,39850.0,49.2,72.2,1,남성,기혼,정규직,고졸,기본,기타,없음,아니오,아니오,아니오,2025-09-18
CUST100778,41,2984837.0,5.7,13130.0,86.2,38.9,3,남성,기혼,정규직,박사,표준,인천,없음,예,예,아니오,2025-09-18
CUST100779,49,,8.4,6356.0,75.4,74.4,0,여성,미혼,정규직,석사,표준,인천,경증,아니오,아니오,아니오,2025-09-18
CUST100780,44,1812419.0,10.4,52487.0,79.5,16.8,3,남성,기혼,은퇴,학사,기본,부산,없음,아니오,아니오,아니오,2025-09-18
CUST100781,25,3400273.0,2.8,,66.9,73.9,1,여성,미혼,무직,학사,표준,서울,없음,아니오,예,아니오,2025-09-18
CUST100782,46,1694335.0,0.0,63225.0,58.7,47.1,2,남성,이혼,정규직,고졸,가족형,서울,없음,아니오,아니오,아니오,2025-09-18
CUST100783,49,,0.8,119966.0,89.4,56.9,1,남성,기혼,정규직,석사,표준,인천,없음,아니오,아니오,예,2025-09-18
CUST100784,48,3598927.0,3.6,124275.0,76.8,76.7,1,남성,미혼,무직,학사,가족형,대전,없음,아니오,아니오,아니오,2025-09-18
CUST100785,54,1750938.0,,,50.3,73.1,1,남성,미혼,정규직,석사,기본,대구,없음,아니오,아니오,아니오,2025-09-18
CUST100786,52,3128949.0,2.2,10412.0,82.3,64.9,2,여성,기혼,정규직,전문학사,기본,인천,없음,예,아니오,아니오,2025-09-18
CUST100787,47,2597412.0,0.5,43216.0,79.3,82.4,0,남성,미혼,계약직,전문학사,표준,부산,없음,아니오,아니오,아니오,2025-09-18
CUST100788,41,,3.7,118377.0,67.1,34.4,1,여성,미혼,정규직,박사,표준,인천,없음,아니오,아니오,예,2025-09-18
CUST100789,22,5108540.0,6.9,222091.0,96.3,68.7,1,여성,기혼,정규직,학사,프리미엄,대전,없음,아니오,예,아니오,2025-09-18
CUST100790,47,1249793.0,9.0,181753.0,62.7,50.8,1,여성,미혼,은퇴,고졸,프리미엄,대전,없음,예,예,아니오,2025-09-18
CUST100791,44,3638031.0,3.2,103981.0,69.5,81.5,0,여성,미혼,비정규직,전문학사,프리미엄,인천,없음,아니오,아니오,아니오,2025-09-18
CUST100792,45,3307840.0,3.9,194864.0,83.5,77.4,0,남성,기혼,정규직,학사,가족형,서울,없음,예,아니오,아니오,2025-09-18
CUST100793,26,4305608.0,1.4,103395.0,73.2,78.0,1,남성,기혼,정규직,고졸,표준,인천,없음,아니오,아니오,아니오,2025-09-18
CUST100794,29,3755835.0,5.8,17946.0,51.2,94.6,3,여성,기혼,정규직,학사,기본,광주,없음,아니오,아니오,예,2025-09-18
CUST100795,54,2597636.0,1.8,133790.0,74.8,85.3,0,여성,기혼,계약직,학사,표준,광주,없음,아니오,아니오,아니오,2025-09-18
CUST100796,41,3117135.0,8.9,186012.0,65.8,62.2,1,여성,미혼,정규직,학사,기본,대구,없음,아니오,아니오,예,2025-09-18
CUST100797,50,2544768.0,2.9,268784.0,84.9,65.0,1,여성,미혼,정규직,전문학사,표준,부산,없음,아니오,아니오,아니오,2025-09-18
CUST100798,42,4791208.0,4.2,51221.0,74.3,75.8,1,남성,미혼,은퇴,박사,기본,기타,없음,아니오,예,예,2025-09-18
CUST100799,42,3525573.0,7.5,28757.0,73.4,67.5,1,남성,기혼,정규직,고졸,표준,부산,없음,예,아니오,예,2025-09-18
CUST100800,53,5781428.0,6.9,151131.0,56.3,77.7,1,여성,이혼,정규직,학사,기본,울산,없음,아니오,아니오,아니오,2025-09-18
CUST100801,35,,19.5,113307.0,68.5,24.9,2,여성,,정규직,고졸,기본,서울,경증,예,아니오,아니오,2025-09-18
CUST100802,43,2649911.0,7.7,105984.0,,98.9,2,남성,기혼,정규직,학사,프리미엄,기타,없음,아니오,예,아니오,2025-09-18
CUST100803,36,1683542.0,1.0,196708.0,60.4,,1,여성,기혼,정규직,박사,표준,부산,없음,아니오,아니오,아니오,2025-09-18
CUST100804,36,1336232.0,5.5,150721.0,71.5,35.8,1,남성,미혼,무직,석사,프리미엄,대구,경증,예,아니오,아니오,2025-09-18
CUST100805,38,1599036.0,2.9,121115.0,58.0,48.6,2,남성,미혼,무직,학사,프리미엄,광주,없음,아니오,아니오,아니오,2025-09-18
CUST100806,44,3820551.0,5.6,56969.0,54.2,26.7,1,여성,미혼,정규직,학사,기본,서울,없음,아니오,아니오,아니오,2025-09-18
CUST100807,36,4110470.0,1.8,142330.0,70.7,45.4,0,여성,미혼,정규직,석사,표준,대전,경증,아니오,아니오,아니오,2025-09-18
CUST100808,57,1602571.0,10.6,27564.0,74.6,,5,여성,기혼,정규직,석사,기본,광주,없음,예,아니오,아니오,2025-09-18
CUST100809,31,4574045.0,3.3,103177.0,100.0,92.3,2,남성,미혼,정규직,박사,프리미엄,대구,없음,아니오,아니오,아니오,2025-09-18
CUST100810,39,2920326.0,5.4,81163.0,65.2,72.4,2,남성,기혼,정규직,학사,프리미엄,서울,없음,예,예,아니오,2025-09-18
CUST100811,36,3676151.0,2.8,16962.0,,69.2,2,여성,기혼,무직,박사,기본,기타,없음,예,아니오,예,2025-09-18
CUST100812,59,5434664.0,14.7,113546.0,53.2,44.6,2,남성,미혼,정규직,고졸,표준,인천,없음,예,아니오,아니오,2025-09-18
CUST100813,44,4576207.0,4.4,51318.0,81.2,50.2,3,여성,,정규직,전문학사,실버,부산,없음,아니오,아니오,예,2025-09-18
CUST100814,54,3177763.0,15.2,111552.0,78.0,51.6,1,여성,기혼,정규직,고졸,표준,대구,없음,예,아니오,아니오,2025-09-18
CUST100815,24,2430569.0,10.1,35545.0,94.3,52.3,2,여성,미혼,정규직,전문학사,프리미엄,서울,없음,예,아니오,아니오,2025-09-18
CUST100816,45,1000000.0,8.4,151767.0,88.7,58.7,0,남성,기혼,정규직,학사,표준,광주,없음,아니오,아니오,아니오,2025-09-18
CUST100817,52,2637016.0,7.8,245271.0,,60.0,5,여성,기혼,정규직,석사,기본,서울,없음,아니오,아니오,예,2025-09-18
CUST100818,42,3246643.0,8.0,27574.0,64.9,58.9,1,남성,기혼,정규직,학사,프리미엄,인천,없음,예,아니오,아니오,2025-09-18
CUST100819,54,2315384.0,3.6,35501.0,75.1,52.9,2,남성,기혼,비정규직,학사,프리미엄,대구,없음,예,예,아니오,2025-09-18
CUST100820,35,3342491.0,4.6,22968.0,70.3,67.4,1,남성,,정규직,학사,프리미엄,서울,없음,아니오,아니오,아니오,2025-09-18
CUST100821,58,3592222.0,10.2,70265.0,86.3,59.3,0,남성,기혼,정규직,학사,표준,대전,없음,예,아니오,아니오,2025-09-18
CUST100822,69,3230172.0,5.8,110301.0,84.4,36.3,0,여성,미혼,정규직,학사,표준,대구,없음,아니오,아니오,아니오,2025-09-18
CUST100823,37,2719996.0,1.0,136321.0,67.6,65.6,0,,미혼,무직,석사,프리미엄,대구,없음,예,아니오,아니오,2025-09-18
CUST100824,36,3702385.0,5.7,101682.0,50.1,,0,남성,미혼,정규직,학사,표준,광주,없음,예,아니오,아니오,2025-09-18
CUST100825,59,4030328.0,14.5,133411.0,92.0,36.6,1,여성,미혼,정규직,학사,표준,기타,없음,아니오,아니오,아니오,2025-09-18
CUST100826,60,2191521.0,12.2,78925.0,,54.4,0,남성,기혼,정규직,학사,가족형,울산,없음,예,아니오,아니오,2025-09-18
CUST100827,35,5193118.0,5.7,50797.0,67.2,75.7,2,여성,기혼,계약직,석사,표준,부산,없음,예,아니오,아니오,2025-09-18
CUST100828,36,3381694.0,10.8,36355.0,80.1,44.5,2,남성,미혼,정규직,전문학사,표준,울산,없음,아니오,아니오,아니오,2025-09-18
CUST100829,38,3522619.0,4.2,72368.0,73.1,42.6,0,남성,미혼,정규직,학사,프리미엄,기타,없음,아니오,아니오,아니오,2025-09-18
CUST100830,25,4349857.0,2.5,37208.0,91.8,59.2,3,여성,미혼,정규직,학사,실버,대전,없음,아니오,아니오,예,2025-09-18
CUST100831,30,3779859.0,1.4,107902.0,43.1,76.2,1,남성,기혼,정규직,학사,표준,인천,없음,아니오,아니오,아니오,2025-09-18
CUST100832,29,4643763.0,13.8,37775.0,66.0,97.6,0,여성,기혼,정규직,석사,표준,서울,없음,아니오,아니오,아니오,2025-09-18
CUST100833,32,3844548.0,4.6,55650.0,96.0,76.9,1,,기혼,정규직,전문학사,프리미엄,울산,없음,아니오,예,아니오,2025-09-18
CUST100834,41,2765075.0,4.8,173696.0,80.4,84.5,1,남성,이혼,무직,전문학사,프리미엄,부산,없음,아니오,아니오,아니오,2025-09-18
CUST100835,44,3933804.0,4.5,185080.0,98.6,71.2,1,남성,미혼,정규직,석사,프리미엄,기타,없음,아니오,아니오,아니오,2025-09-18
CUST100836,60,2127528.0,15.5,181170.0,53.7,52.7,1,남성,미혼,정규직,학사,표준,광주,없음,아니오,아니오,아니오,2025-09-18
CUST100837,30,3630271.0,14.1,79952.0,88.1,76.7,1,남성,미혼,정규직,학사,표준,부산,없음,예,아니오,예,2025-09-18
CUST100838,53,3460124.0,17.1,52587.0,87.2,63.5,0,여성,미혼,정규직,전문학사,표준,대구,없음,아니오,아니오,아니오,2025-09-18
CUST100839,39,3250259.0,5.2,120023.0,46.8,71.8,2,,기혼,정규직,전문학사,가족형,대구,없음,아니오,아니오,예,2025-09-18
CUST100840,41,3345754.0,,38518.0,67.6,48.0,1,남성,기혼,무직,학사,가족형,인천,없음,아니오,아니오,아니오,2025-09-18
CUST100841,50,1241781.0,1.6,141033.0,70.4,73.4,1,남성,기혼,은퇴,고졸,기본,대전,없음,아니오,아니오,아니오,2025-09-18
CUST100842,28,2841530.0,13.4,48581.0,47.7,62.8,1,여성,기혼,정규직,석사,표준,서울,없음,아니오,아니오,아니오,2025-09-18
CUST100843,46,,0.2,69989.0,67.9,69.2,3,여성,미혼,정규직,학사,표준,서울,없음,아니오,아니오,예,2025-09-18
CUST100844,43,3691827.0,7.1,143225.0,85.1,63.5,1,여성,미혼,정규직,고졸,실버,광주,없음,아니오,아니오,아니오,2025-09-18
CUST100845,47,2266789.0,0.5,12392.0,66.1,60.0,3,여성,기혼,비정규직,학사,프리미엄,인천,없음,아니오,아니오,아니오,2025-09-18
CUST100846,45,5018849.0,3.1,50401.0,75.6,73.7,4,남성,기혼,비정규직,학사,표준,서울,중증,아니오,아니오,예,2025-09-18
CUST100847,71,2460590.0,1.8,109587.0,75.7,57.7,0,남성,미혼,무직,고졸,기본,대전,경증,아니오,아니오,예,2025-09-18
CUST100848,34,4663348.0,3.0,127027.0,71.8,,1,여성,기혼,계약직,전문학사,표준,기타,없음,아니오,아니오,예,2025-09-18
CUST100849,35,4012633.0,3.3,112743.0,61.4,31.3,1,여성,기혼,정규직,학사,기본,대구,없음,아니오,예,예,2025-09-18
CUST100850,34,68801882.0,3.3,69290.0,81.9,68.3,3,여성,미혼,정규직,학사,프리미엄,기타,없음,예,아니오,아니오,2025-09-18
CUST100851,35,5630373.0,10.2,153325.0,48.2,57.0,1,남성,기혼,비정규직,학사,프리미엄,기타,없음,아니오,아니오,아니오,2025-09-18
CUST100852,34,2067635.0,0.5,35232.0,72.1,33.9,1,기타,미혼,정규직,학사,표준,인천,없음,예,아니오,아니오,2025-09-18
CUST100853,56,4602985.0,7.1,33817.0,92.8,66.9,1,여성,기혼,정규직,학사,표준,부산,경증,예,아니오,예,2025-09-18
CUST100854,59,4700698.0,12.1,108811.0,65.3,63.3,2,남성,기혼,비정규직,학사,가족형,울산,없음,아니오,아니오,아니오,2025-09-18
CUST100855,35,2695255.0,,31583.0,61.1,56.0,2,여성,사별,정규직,학사,표준,울산,없음,예,아니오,아니오,2025-09-18
CUST100856,32,5170958.0,2.4,250835.0,82.9,69.4,0,남성,미혼,비정규직,석사,기본,인천,없음,예,아니오,아니오,2025-09-18
CUST100857,47,3199944.0,4.8,51659.0,74.5,88.7,1,남성,미혼,정규직,전문학사,가족형,기타,없음,아니오,아니오,아니오,2025-09-18
CUST100858,35,3846432.0,11.9,151360.0,83.2,88.1,0,남성,미혼,비정규직,석사,프리미엄,인천,없음,아니오,아니오,아니오,2025-09-18
CUST100859,49,3812386.0,7.0,26507.0,72.6,67.6,2,남성,미혼,비정규직,학사,프리미엄,대전,없음,예,아니오,예,2025-09-18
CUST100860,44,3338829.0,3.3,216603.0,36.2,63.5,0,,기혼,정규직,석사,기본,대전,없음,아니오,아니오,아니오,2025-09-18
CUST100861,23,4472969.0,8.4,84250.0,89.7,67.8,1,여성,기혼,비정규직,학사,기본,서울,없음,아니오,아니오,아니오,2025-09-18
CUST100862,60,4452186.0,0.5,50459.0,100.0,70.6,2,남성,미혼,정규직,전문학사,기본,울산,없음,아니오,아니오,예,2025-09-18
CUST100863,63,1401761.0,9.4,65475.0,91.3,60.2,0,여성,미혼,정규직,학사,기본,광주,없음,아니오,아니오,예,2025-09-18
CUST100864,34,5065208.0,8.0,43718.0,18.9,68.1,0,,미혼,정규직,전문학사,프리미엄,광주,중증,아니오,예,예,2025-09-18
CUST100865,37,1505009.0,4.5,69836.0,78.8,36.7,0,남성,기혼,정규직,학사,기본,기타,없음,예,아니오,아니오,2025-09-18
CUST100866,45,4739055.0,1.8,28109.0,65.0,66.5,0,여성,미혼,정규직,학사,프리미엄,대전,없음,예,아니오,예,2025-09-18
CUST100867,46,4852046.0,1.6,,55.7,73.6,1,여성,미혼,은퇴,석사,표준,서울,없음,아니오,아니오,예,2025-09-18
CUST100868,49,2190840.0,8.7,149365.0,73.8,,2,여성,,정규직,학사,표준,서울,없음,아니오,아니오,아니오,2025-09-18
CUST100869,66,3007022.0,12.1,97599.0,69.8,63.3,0,기타,미혼,정규직,학사,실버,서울,없음,예,아니오,아니오,2025-09-18
CUST100870,39,2173154.0,2.8,34568.0,79.6,45.0,0,남성,기혼,정규직,전문학사,기본,기타,없음,예,아니오,예,2025-09-18
CUST100871,32,3242094.0,8.3,71762.0,72.8,42.5,0,남성,기혼,정규직,박사,표준,기타,없음,아니오,아니오,아니오,2025-09-18
CUST100872,25,3130358.0,4.4,186510.0,55.2,68.8,1,여성,미혼,계약직,석사,표준,대전,없음,아니오,아니오,아니오,2025-09-18
CUST100873,33,4435592.0,3.1,57045.0,63.4,51.9,2,기타,,정규직,석사,기본,광주,없음,아니오,아니오,아니오,2025-09-18
CUST100874,41,5072370.0,5.8,31258.0,60.9,33.0,2,여성,기혼,정규직,전문학사,표준,서울,없음,아니오,아니오,아니오,2025-09-18
CUST100875,63,5174820.0,1.5,123762.0,46.3,45.0,0,여성,기혼,비정규직,학사,표준,대전,없음,아니오,아니오,아니오,2025-09-18
CUST100876,35,2825398.0,1.3,,51.4,47.6,1,여성,미혼,정규직,고졸,프리미엄,부산,없음,아니오,아니오,아니오,2025-09-18
CUST100877,44,3248933.0,2.7,,68.8,78.9,1,남성,미혼,무직,학사,프리미엄,부산,경증,아니오,아니오,예,2025-09-18
CUST100878,41,1479874.0,7.5,197563.0,93.4,68.2,2,여성,기혼,정규직,고졸,표준,대구,없음,아니오,예,아니오,2025-09-18
CUST100879,56,2532955.0,5.1,70156.0,64.0,49.3,2,여성,기혼,정규직,학사,기본,부산,경증,아니오,아니오,아니오,2025-09-18
CUST100880,72,4657821.0,5.2,159677.0,60.6,54.4,2,여성,미혼,무직,학사,표준,인천,없음,예,예,아니오,2025-09-18
CUST100881,35,5438699.0,4.6,30847.0,54.3,88.6,2,남성,미혼,무직,학사,기본,대구,없음,예,아니오,아니오,2025-09-18
CUST100882,36,2018781.0,3.0,68008.0,72.5,81.8,0,남성,미혼,정규직,학사,표준,부산,없음,아니오,아니오,아니오,2025-09-18
CUST100883,54,2789042.0,8.3,62980.0,89.7,44.9,1,남성,미혼,정규직,석사,프리미엄,인천,없음,아니오,아니오,예,2025-09-18
CUST100884,50,3468313.0,7.7,119072.0,100.0,85.9,3,남성,,정규직,고졸,기본,부산,없음,예,아니오,예,2025-09-18
CUST100885,64,3836193.0,3.5,87789.0,,63.5,1,여성,미혼,정규직,석사,프리미엄,대전,없음,예,아니오,예,2025-09-18
CUST100886,49,2528475.0,3.4,215364.0,74.1,79.4,1,남성,미혼,은퇴,고졸,가족형,울산,없음,아니오,아니오,아니오,2025-09-18
CUST100887,37,4008873.0,12.9,54442.0,63.8,62.1,1,남성,기혼,정규직,고졸,프리미엄,인천,없음,아니오,아니오,예,2025-09-18
CUST100888,49,2931392.0,4.1,86992.0,66.4,86.3,0,남성,미혼,정규직,고졸,표준,서울,없음,예,아니오,아니오,2025-09-18
CUST100889,55,3482657.0,7.9,64901.0,81.4,44.1,4,여성,기혼,무직,학사,표준,대전,없음,아니오,예,예,2025-09-18
CUST100890,51,4155541.0,,82266.0,67.3,60.4,2,여성,기혼,정규직,학사,가족형,울산,없음,아니오,아니오,아니오,2025-09-18
CUST100891,48,3507706.0,4.7,76688.0,69.6,86.9,0,남성,,정규직,석사,표준,인천,없음,예,아니오,예,2025-09-18
CUST100892,54,2976336.0,9.8,38177.0,71.6,,1,남성,기혼,은퇴,학사,프리미엄,대전,경증,아니오,아니오,아니오,2025-09-18
CUST100893,56,3368468.0,,143740.0,63.1,64.2,2,남성,기혼,무직,고졸,기본,서울,없음,예,아니오,아니오,2025-09-18
CUST100894,58,3393964.0,8.5,47259.0,70.9,,1,여성,미혼,무직,학사,기본,인천,없음,예,아니오,아니오,2025-09-18
CUST100895,49,3055986.0,25.6,44410.0,41.7,77.3,1,남성,미혼,정규직,고졸,프리미엄,인천,없음,예,아니오,아니오,2025-09-18
CUST100896,39,3189444.0,4.4,18099.0,80.2,84.3,1,여성,기혼,계약직,석사,프리미엄,울산,없음,예,아니오,아니오,2025-09-18
CUST100897,43,5418376.0,14.6,53144.0,100.0,78.1,1,남성,기혼,정규직,고졸,프리미엄,대전,없음,예,아니오,예,2025-09-18
CUST100898,56,4173103.0,4.6,46729.0,63.7,69.3,0,남성,기혼,정규직,전문학사,가족형,부산,없음,예,아니오,예,2025-09-18
CUST100899,32,3145423.0,7.4,9166.0,77.6,65.7,0,여성,미혼,은퇴,학사,기본,인천,중증,아니오,아니오,예,2025-09-18
CUST100900,46,4336345.0,5.8,69599.0,,58.8,2,남성,기혼,정규직,석사,기본,부산,없음,예,아니오,아니오,2025-09-18
CUST100901,37,3099416.0,3.9,208995.0,91.2,68.8,3,여성,미혼,계약직,전문학사,가족형,인천,없음,아니오,아니오,예,2025-09-18
CUST100902,42,4907749.0,3.2,21886.0,68.0,91.3,0,남성,기혼,정규직,석사,기본,광주,없음,아니오,아니오,예,2025-09-18
CUST100903,57,3943570.0,7.6,81123.0,45.0,50.1,2,여성,,정규직,고졸,프리미엄,대구,없음,아니오,아니오,아니오,2025-09-18
CUST100904,44,3371237.0,1.6,68293.0,76.0,57.8,2,여성,기혼,계약직,석사,표준,부산,없음,예,아니오,아니오,2025-09-18
CUST100905,42,4037260.0,9.8,130678.0,73.9,63.6,3,여성,기혼,정규직,학사,기본,부산,없음,예,아니오,아니오,2025-09-18
CUST100906,25,1614948.0,3.9,137487.0,,83.0,1,남성,기혼,비정규직,고졸,표준,울산,없음,아니오,아니오,아니오,2025-09-18
CUST100907,50,2147879.0,0.3,314183.0,70.0,69.0,1,,기혼,정규직,전문학사,표준,서울,없음,아니오,아니오,아니오,2025-09-18
CUST100908,49,2067289.0,3.7,100249.0,,82.7,2,남성,미혼,은퇴,고졸,가족형,광주,없음,아니오,아니오,아니오,2025-09-18
CUST100909,67,3671531.0,,41533.0,77.4,83.6,2,여성,기혼,정규직,학사,프리미엄,서울,없음,아니오,아니오,예,2025-09-18
CUST100910,38,5579017.0,3.3,51897.0,76.8,75.7,0,여성,이혼,정규직,전문학사,표준,광주,없음,아니오,아니오,아니오,2025-09-18
CUST100911,44,6177560.0,7.8,56462.0,68.7,45.8,3,남성,미혼,정규직,학사,표준,광주,없음,아니오,아니오,아니오,2025-09-18
CUST100912,44,4265661.0,2.3,48397.0,77.8,,0,남성,기혼,은퇴,박사,표준,기타,없음,아니오,예,예,2025-09-18
CUST100913,60,4101013.0,9.8,243680.0,67.7,90.4,1,여성,미혼,비정규직,고졸,기본,대전,없음,아니오,아니오,아니오,2025-09-18
CUST100914,40,1338730.0,9.4,132929.0,81.6,66.1,0,남성,기혼,계약직,학사,표준,대전,없음,아니오,아니오,아니오,2025-09-18
CUST100915,45,2848791.0,15.2,118337.0,62.6,40.1,2,남성,기혼,정규직,학사,기본,대전,없음,아니오,예,예,2025-09-18
CUST100916,49,2554659.0,5.1,32096.0,73.1,36.9,0,남성,미혼,정규직,석사,기본,인천,없음,예,아니오,아니오,2025-09-18
CUST100917,44,2754982.0,9.3,136527.0,,69.6,4,여성,기혼,정규직,학사,표준,울산,없음,예,아니오,아니오,2025-09-18
CUST100918,36,3298227.0,6.5,177035.0,66.5,52.4,1,여성,미혼,정규직,학사,표준,서울,없음,아니오,아니오,아니오,2025-09-18
CUST100919,44,2933491.0,12.5,69277.0,80.5,34.1,1,기타,기혼,정규직,학사,기본,대구,없음,아니오,아니오,아니오,2025-09-18
CUST100920,54,1124840.0,2.4,51389.0,56.5,36.6,3,남성,기혼,은퇴,전문학사,표준,광주,없음,아니오,아니오,아니오,2025-09-18
CUST100921,29,4397492.0,,218920.0,67.2,56.5,0,,미혼,계약직,고졸,표준,광주,없음,아니오,아니오,예,2025-09-18
CUST100922,43,2212708.0,5.0,45845.0,35.9,68.5,1,여성,미혼,정규직,학사,기본,울산,없음,예,예,예,2025-09-18
CUST100923,33,3787096.0,5.7,41783.0,51.5,90.3,4,남성,미혼,정규직,고졸,가족형,부산,없음,예,아니오,예,2025-09-18
CUST100924,56,5988899.0,6.5,35821.0,55.4,73.7,1,여성,기혼,계약직,학사,기본,인천,없음,예,아니오,예,2025-09-18
CUST100925,23,2396738.0,7.3,78107.0,73.5,,1,남성,,정규직,전문학사,가족형,대구,없음,아니오,아니오,아니오,2025-09-18
CUST100926,35,1000000.0,5.4,100030.0,77.0,71.8,1,남성,미혼,정규직,학사,기본,대전,없음,아니오,아니오,아니오,2025-09-18
CUST100927,46,3156794.0,7.1,161058.0,71.2,70.2,1,남성,미혼,정규직,고졸,가족형,광주,없음,예,아니오,아니오,2025-09-18
CUST100928,60,,13.9,122181.0,66.3,78.3,3,남성,미혼,정규직,석사,기본,부산,없음,아니오,아니오,아니오,2025-09-18
CUST100929,41,5850016.0,10.9,120792.0,66.3,64.3,0,,기혼,계약직,석사,프리미엄,서울,없음,예,아니오,아니오,2025-09-18
CUST100930,35,2024540.0,10.3,195424.0,82.7,83.7,2,남성,기혼,정규직,고졸,표준,광주,없음,예,아니오,아니오,2025-09-18
CUST100931,64,4096039.0,3.7,34270.0,75.2,79.8,1,남성,미혼,정규직,전문학사,프리미엄,부산,없음,아니오,아니오,아니오,2025-09-18
CUST100932,24,2941627.0,1.6,20526.0,67.0,66.5,0,남성,기혼,정규직,학사,표준,서울,없음,아니오,아니오,예,2025-09-18
CUST100933,18,,10.8,126434.0,91.4,62.9,7,여성,미혼,계약직,고졸,기본,인천,없음,아니오,아니오,아니오,2025-09-18
CUST100934,47,6673212.0,10.4,75301.0,100.0,81.6,2,여성,기혼,정규직,전문학사,프리미엄,대전,경증,아니오,아니오,아니오,2025-09-18
CUST100935,35,1696435.0,13.4,161455.0,53.3,52.2,1,여성,기혼,정규직,전문학사,기본,울산,없음,아니오,아니오,아니오,2025-09-18
CUST100936,29,3804487.0,3.0,80857.0,79.8,37.9,1,여성,기혼,은퇴,석사,가족형,서울,경증,예,아니오,아니오,2025-09-18
CUST100937,50,,4.9,49910.0,100.0,37.8,0,남성,기혼,은퇴,석사,기본,광주,없음,아니오,아니오,아니오,2025-09-18
CUST100938,44,4802943.0,2.2,127731.0,76.2,50.7,2,남성,기혼,은퇴,학사,표준,기타,없음,아니오,아니오,예,2025-09-18
CUST100939,35,3617579.0,4.0,88691.0,73.7,76.9,0,여성,기혼,계약직,학사,프리미엄,기타,없음,아니오,아니오,예,2025-09-18
CUST100940,26,3869660.0,11.0,80911.0,71.2,57.4,0,남성,기혼,정규직,석사,표준,대구,없음,아니오,아니오,아니오,2025-09-18
CUST100941,52,3030021.0,3.7,352117.0,,68.7,0,남성,미혼,정규직,석사,기본,서울,없음,예,아니오,아니오,2025-09-18
CUST100942,49,3822952.0,9.2,185534.0,83.3,56.1,1,여성,미혼,정규직,박사,프리미엄,대구,없음,예,아니오,아니오,2025-09-18
CUST100943,40,3088169.0,5.0,139241.0,53.3,56.2,1,남성,미혼,정규직,고졸,프리미엄,대구,없음,아니오,아니오,아니오,2025-09-18
CUST100944,64,4245886.0,7.6,90760.0,71.6,46.5,0,남성,기혼,은퇴,고졸,가족형,서울,없음,아니오,아니오,아니오,2025-09-18
CUST100945,29,3056467.0,0.3,85036.0,38.0,63.3,0,남성,미혼,계약직,학사,표준,울산,없음,예,아니오,아니오,2025-09-18
CUST100946,23,3952520.0,6.4,65234.0,68.9,61.8,0,남성,미혼,계약직,학사,표준,울산,없음,예,아니오,아니오,2025-09-18
CUST100947,33,3464884.0,9.0,97680.0,58.5,72.4,3,여성,기혼,정규직,고졸,표준,기타,없음,아니오,아니오,예,2025-09-18
CUST100948,41,4851260.0,5.1,55612.0,,70.2,0,여성,미혼,무직,고졸,표준,인천,없음,예,아니오,예,2025-09-18
CUST100949,44,3438327.0,2.2,27736.0,47.2,61.5,2,여성,기혼,계약직,석사,프리미엄,울산,없음,예,아니오,아니오,2025-09-18
CUST100950,39,1372361.0,12.0,80155.0,64.3,37.9,2,,기혼,정규직,석사,표준,서울,없음,예,아니오,아니오,2025-09-18
CUST100951,46,5014305.0,9.9,,86.5,84.3,1,남성,기혼,무직,전문학사,표준,기타,경증,예,아니오,아니오,2025-09-18
CUST100952,26,2413121.0,8.3,161713.0,61.9,,1,,기혼,정규직,석사,표준,울산,없음,아니오,아니오,아니오,2025-09-18
CUST100953,59,,13.6,41997.0,43.4,66.4,1,남성,기혼,정규직,학사,프리미엄,부산,없음,아니오,예,아니오,2025-09-18
CUST100954,41,2785206.0,1.3,85548.0,75.9,93.8,1,남성,기혼,비정규직,석사,가족형,대전,없음,예,아니오,아니오,2025-09-18
CUST100955,55,5149325.0,14.7,121514.0,63.2,81.3,4,기타,미혼,비정규직,학사,프리미엄,대구,없음,예,아니오,아니오,2025-09-18
CUST100956,46,1000000.0,10.7,119609.0,69.2,73.0,1,여성,기혼,정규직,고졸,표준,대전,없음,예,아니오,아니오,2025-09-18
CUST100957,47,7265298.0,4.8,235715.0,61.1,65.0,1,남성,미혼,정규직,학사,프리미엄,기타,없음,아니오,아니오,예,2025-09-18
CUST100958,48,4767268.0,11.7,66252.0,100.0,64.8,1,남성,미혼,은퇴,학사,표준,광주,없음,예,아니오,아니오,2025-09-18
CUST100959,47,3767886.0,0.5,38913.0,48.6,69.3,2,남성,기혼,비정규직,학사,기본,대구,없음,아니오,예,예,2025-09-18
CUST100960,49,3434127.0,1.9,89808.0,100.0,72.3,1,남성,미혼,계약직,고졸,기본,기타,없음,예,아니오,아니오,2025-09-18
CUST100961,57,3842664.0,3.0,69014.0,66.1,95.8,1,남성,미혼,정규직,박사,기본,광주,경증,예,아니오,아니오,2025-09-18
CUST100962,44,,3.4,59732.0,74.8,100.0,3,여성,미혼,정규직,전문학사,표준,부산,없음,예,아니오,아니오,2025-09-18
CUST100963,50,4274258.0,0.7,53362.0,63.4,70.2,0,여성,미혼,정규직,고졸,프리미엄,부산,없음,예,아니오,아니오,2025-09-18
CUST100964,40,4166725.0,12.1,103861.0,62.8,26.2,0,,미혼,정규직,학사,표준,대전,없음,아니오,아니오,아니오,2025-09-18
CUST100965,59,3607496.0,4.7,47338.0,60.2,47.9,0,남성,미혼,정규직,학사,표준,부산,없음,아니오,아니오,아니오,2025-09-18
CUST100966,33,3263193.0,7.8,139157.0,81.0,97.6,0,남성,기혼,정규직,학사,가족형,기타,없음,아니오,아니오,아니오,2025-09-18
CUST100967,63,3318472.0,3.1,134668.0,50.8,,1,여성,기혼,정규직,학사,프리미엄,기타,없음,예,아니오,아니오,2025-09-18
CUST100968,41,3266110.0,,110675.0,77.5,72.7,3,여성,미혼,정규직,학사,프리미엄,서울,없음,예,아니오,예,2025-09-18
CUST100969,24,4860524.0,7.4,34214.0,39.2,62.0,1,여성,기혼,계약직,학사,표준,대구,경증,예,예,아니오,2025-09-18
CUST100970,43,4212268.0,3.6,100502.0,76.1,43.6,0,여성,미혼,정규직,학사,기본,광주,없음,아니오,아니오,아니오,2025-09-18
CUST100971,33,1000000.0,5.7,169008.0,84.7,,1,여성,미혼,정규직,고졸,기본,울산,없음,예,아니오,아니오,2025-09-18
CUST100972,52,4287080.0,0.8,146065.0,52.9,50.2,3,여성,미혼,정규직,학사,기본,대전,없음,아니오,아니오,아니오,2025-09-18
CUST100973,34,3733683.0,15.9,,82.2,78.1,0,남성,기혼,정규직,석사,표준,대전,없음,예,아니오,아니오,2025-09-18
CUST100974,36,3477549.0,10.6,84591.0,72.8,41.6,2,여성,미혼,정규직,고졸,표준,부산,없음,예,아니오,아니오,2025-09-18
CUST100975,19,3033777.0,6.5,81779.0,96.0,61.1,0,남성,기혼,은퇴,학사,기본,부산,없음,아니오,아니오,아니오,2025-09-18
CUST100976,36,4848935.0,12.3,187543.0,59.2,82.9,0,남성,기혼,계약직,석사,기본,기타,없음,아니오,아니오,예,2025-09-18
CUST100977,18,4637031.0,1.8,,100.0,60.5,1,여성,기혼,정규직,전문학사,기본,광주,없음,아니오,아니오,예,2025-09-18
CUST100978,22,2572546.0,8.7,103606.0,,58.4,1,남성,기혼,정규직,학사,표준,대구,없음,아니오,예,아니오,2025-09-18
CUST100979,51,3988462.0,,417704.0,67.1,65.2,3,남성,이혼,정규직,박사,표준,대구,없음,아니오,아니오,아니오,2025-09-18
CUST100980,51,2334011.0,7.3,65122.0,46.5,41.0,0,남성,,계약직,고졸,표준,기타,없음,예,아니오,아니오,2025-09-18
CUST100981,47,1844458.0,12.4,8126.0,99.8,37.6,1,남성,미혼,정규직,고졸,표준,대전,없음,아니오,아니오,아니오,2025-09-18
CUST100982,30,,9.7,72819.0,68.1,77.9,2,남성,기혼,정규직,석사,표준,광주,없음,예,아니오,아니오,2025-09-18
CUST100983,41,,7.4,76150.0,69.4,57.4,1,남성,기혼,계약직,석사,기본,대전,없음,아니오,아니오,아니오,2025-09-18
CUST100984,41,4643750.0,,101582.0,78.6,77.7,1,남성,미혼,계약직,학사,기본,기타,없음,아니오,예,아니오,2025-09-18
CUST100985,28,4115702.0,,118821.0,71.9,85.1,1,남성,미혼,계약직,학사,가족형,울산,없음,아니오,아니오,아니오,2025-09-18
CUST100986,60,4370114.0,5.4,10210.0,63.1,,1,기타,기혼,무직,석사,실버,인천,없음,아니오,아니오,아니오,2025-09-18
CUST100987,52,4119413.0,6.5,120533.0,53.2,35.8,0,남성,미혼,무직,학사,표준,대구,없음,아니오,아니오,예,2025-09-18
CUST100988,39,2730222.0,0.3,79683.0,74.5,52.4,2,남성,미혼,정규직,전문학사,가족형,광주,없음,예,아니오,예,2025-09-18
CUST100989,42,4018307.0,18.1,67498.0,77.7,74.7,1,여성,기혼,정규직,고졸,표준,울산,없음,예,아니오,아니오,2025-09-18
CUST100990,44,,13.6,16936.0,82.4,75.0,1,여성,기혼,계약직,학사,기본,광주,없음,예,예,아니오,2025-09-18
CUST100991,18,4405149.0,9.0,213590.0,100.0,100.0,2,여성,기혼,비정규직,석사,실버,대전,없음,아니오,아니오,예,2025-09-18
CUST100992,39,4926696.0,6.4,59085.0,39.4,48.7,0,남성,,은퇴,석사,기본,부산,없음,아니오,아니오,예,2025-09-18
CUST100993,33,4349964.0,4.9,133560.0,71.0,86.0,0,여성,기혼,정규직,석사,프리미엄,기타,없음,예,아니오,아니오,2025-09-18
CUST100994,29,3921737.0,1.2,41466.0,89.9,71.7,0,여성,미혼,정규직,석사,표준,광주,없음,예,아니오,아니오,2025-09-18
CUST100995,38,4784180.0,6.4,104788.0,70.1,35.5,2,여성,미혼,정규직,학사,표준,대전,없음,아니오,아니오,예,2025-09-18
CUST100996,63,3468174.0,7.3,68342.0,36.9,55.1,4,여성,기혼,정규직,학사,표준,서울,없음,아니오,아니오,예,2025-09-18
CUST100997,49,2441750.0,,130765.0,52.6,69.7,0,여성,기혼,정규직,학사,표준,부산,없음,아니오,아니오,아니오,2025-09-18
CUST100998,35,3304319.0,7.7,66562.0,76.9,,0,여성,미혼,비정규직,학사,표준,부산,없음,예,아니오,아니오,2025-09-18
CUST100999,48,2606116.0,5.2,39797.0,76.4,27.7,0,여성,사별,정규직,학사,표준,대구,없음,아니오,아니오,예,2025-09-18
